match_id,country_id_x,league_id,season,stage,date,home_team_api_id,away_team_api_id,home_team_goal,away_team_goal,country_name,country_id_y,league_name,home_team_name,home_team_short_name,away_team_name,away_team_short_name,home_possession,away_possession,has_possession_data,home_shots_on,away_shots_on,home_shots_off,away_shots_off,home_corners,away_corners,home_crosses,away_crosses,home_fouls,away_fouls,home_yellow_cards,away_yellow_cards,home_red_cards,away_red_cards,goal_difference,total_goals,match_result,venue,opponent_name,barca_goals,opponent_goals,barca_possession,opponent_possession,barca_shots_on,opponent_shots_on,barca_shots_off,opponent_shots_off,barca_corners,opponent_corners,barca_crosses,opponent_crosses,barca_fouls,opponent_fouls,barca_yellow_cards,opponent_yellow_cards,barca_red_cards,opponent_red_cards,barca_result,barca_total_shots,opponent_total_shots,barca_goal_difference,barca_shot_accuracy,barca_points
21521,21518,21518,2008/2009,1,31/08/2008 00:00,8388,8634,1,0,Spain,21518,Spain LIGA BBVA,CD Numancia,NUM,FC Barcelona,BAR,26.0,74.0,True,2,6,3,15,2,7,13,33,13,9,0,2,0,0,1,1,Home Win,Away,CD Numancia,0,1,74.0,26.0,6,2,15,3,7,2,33,13,9,13,2,0,0,0,Loss,21,5,-1,28.57142857142857,0
21535,21518,21518,2008/2009,10,08/11/2008 00:00,8634,10281,6,0,Spain,21518,Spain LIGA BBVA,FC Barcelona,BAR,Real Valladolid,VAL,62.0,38.0,True,7,3,7,0,8,4,8,6,6,5,1,1,0,0,6,6,Home Win,Home,Real Valladolid,6,0,62.0,38.0,7,3,7,0,8,4,8,6,6,5,1,1,0,0,Win,14,3,6,50.0,3
21547,21518,21518,2008/2009,11,16/11/2008 00:00,8479,8634,0,2,Spain,21518,Spain LIGA BBVA,RC Recreativo,HUE,FC Barcelona,BAR,34.0,66.0,True,3,7,2,10,5,5,10,25,21,11,3,2,0,0,-2,2,Away Win,Away,RC Recreativo,2,0,66.0,34.0,7,3,10,2,5,5,25,10,11,21,2,3,0,0,Win,17,5,2,41.17647058823529,3
21550,21518,21518,2008/2009,12,23/11/2008 00:00,8634,8305,1,1,Spain,21518,Spain LIGA BBVA,FC Barcelona,BAR,Getafe CF,GET,67.0,33.0,True,7,7,9,1,13,5,26,8,18,18,3,4,0,0,0,2,Draw,Home,Getafe CF,1,1,67.0,33.0,7,7,9,1,13,5,26,8,18,18,3,4,0,0,Draw,16,8,0,43.75,1
21564,21518,21518,2008/2009,13,29/11/2008 00:00,8302,8634,0,3,Spain,21518,Spain LIGA BBVA,Sevilla FC,SEV,FC Barcelona,BAR,35.0,65.0,True,3,13,7,8,1,2,15,15,14,13,0,3,1,0,-3,3,Away Win,Away,Sevilla FC,3,0,65.0,35.0,13,3,8,7,2,1,15,15,13,14,3,0,0,1,Win,21,10,3,61.904761904761905,3
21572,21518,21518,2008/2009,14,06/12/2008 00:00,8634,10267,4,0,Spain,21518,Spain LIGA BBVA,FC Barcelona,BAR,Valencia CF,VAL,59.0,41.0,True,5,2,8,0,3,3,7,14,15,19,0,5,0,0,4,4,Home Win,Home,Valencia CF,4,0,59.0,41.0,5,2,8,0,3,3,7,14,15,19,0,5,0,0,Win,13,2,4,38.46153846153847,3
21578,21518,21518,2008/2009,15,13/12/2008 00:00,8634,8633,2,0,Spain,21518,Spain LIGA BBVA,FC Barcelona,BAR,Real Madrid CF,REA,73.0,27.0,True,10,3,4,2,12,4,31,10,13,17,3,5,0,0,2,2,Home Win,Home,Real Madrid CF,2,0,73.0,27.0,10,3,4,2,12,4,31,10,13,17,3,5,0,0,Win,14,5,2,71.42857142857143,3
21593,21518,21518,2008/2009,16,21/12/2008 00:00,10205,8634,1,2,Spain,21518,Spain LIGA BBVA,Villarreal CF,VIL,FC Barcelona,BAR,39.0,61.0,True,1,8,6,4,3,8,15,17,15,18,3,3,0,0,-1,3,Away Win,Away,Villarreal CF,2,1,61.0,39.0,8,1,4,6,8,3,17,15,18,15,3,3,0,0,Win,12,7,1,66.66666666666666,3
21603,21518,21518,2008/2009,17,03/01/2009 00:00,8634,8661,3,1,Spain,21518,Spain LIGA BBVA,FC Barcelona,BAR,RCD Mallorca,MAL,68.0,32.0,True,7,3,5,2,5,0,25,4,12,14,4,8,0,0,2,4,Home Win,Home,RCD Mallorca,3,1,68.0,32.0,7,3,5,2,5,0,25,4,12,14,4,8,0,0,Win,12,5,2,58.333333333333336,3
21614,21518,21518,2008/2009,18,11/01/2009 00:00,8371,8634,2,3,Spain,21518,Spain LIGA BBVA,CA Osasuna,OSA,FC Barcelona,BAR,33.0,67.0,True,3,8,0,8,2,7,11,12,11,9,2,3,0,0,-1,5,Away Win,Away,CA Osasuna,3,2,67.0,33.0,8,3,8,0,7,2,12,11,9,11,3,2,0,0,Win,16,3,1,50.0,3
21625,21518,21518,2008/2009,19,17/01/2009 00:00,8634,9783,5,0,Spain,21518,Spain LIGA BBVA,FC Barcelona,BAR,RC Deportivo de La Coruña,COR,64.0,36.0,True,9,1,7,0,9,4,25,10,8,10,0,0,0,1,5,5,Home Win,Home,RC Deportivo de La Coruña,5,0,64.0,36.0,9,1,7,0,9,4,25,10,8,10,0,0,0,1,Win,16,1,5,56.25,3
21630,21518,21518,2008/2009,2,13/09/2008 00:00,8634,8696,1,1,Spain,21518,Spain LIGA BBVA,FC Barcelona,BAR,Racing Santander,SAN,70.0,30.0,True,13,1,6,0,9,1,18,4,9,21,1,7,0,0,0,2,Draw,Home,Racing Santander,1,1,70.0,30.0,13,1,6,0,9,1,18,4,9,21,1,7,0,0,Draw,19,1,0,68.42105263157895,1
21638,21518,21518,2008/2009,20,24/01/2009 00:00,8634,8388,4,1,Spain,21518,Spain LIGA BBVA,FC Barcelona,BAR,CD Numancia,NUM,73.0,27.0,True,8,1,10,2,3,2,26,14,14,13,2,4,0,0,3,5,Home Win,Home,CD Numancia,4,1,73.0,27.0,8,1,10,2,3,2,26,14,14,13,2,4,0,0,Win,18,3,3,44.44444444444444,3
21648,21518,21518,2008/2009,21,01/02/2009 00:00,8696,8634,1,2,Spain,21518,Spain LIGA BBVA,Racing Santander,SAN,FC Barcelona,BAR,33.0,67.0,True,3,2,3,4,2,3,9,14,16,12,2,3,0,0,-1,3,Away Win,Away,Racing Santander,2,1,67.0,33.0,2,3,4,3,3,2,14,9,12,16,3,2,0,0,Win,6,6,1,33.33333333333333,3
21661,21518,21518,2008/2009,22,08/02/2009 00:00,8634,9869,3,1,Spain,21518,Spain LIGA BBVA,FC Barcelona,BAR,Real Sporting de Gijón,SPG,75.0,25.0,True,5,2,8,1,7,2,23,7,13,14,2,3,0,0,2,4,Home Win,Home,Real Sporting de Gijón,3,1,75.0,25.0,5,2,8,1,7,2,23,7,13,14,2,3,0,0,Win,13,3,2,38.46153846153847,3
21668,21518,21518,2008/2009,23,14/02/2009 00:00,8603,8634,2,2,Spain,21518,Spain LIGA BBVA,Real Betis Balompié,BET,FC Barcelona,BAR,31.0,69.0,True,4,13,2,9,1,7,7,36,17,10,3,2,0,0,0,4,Draw,Away,Real Betis Balompié,2,2,69.0,31.0,13,4,9,2,7,1,36,7,10,17,2,3,0,0,Draw,22,6,0,59.09090909090909,1
21678,21518,21518,2008/2009,24,21/02/2009 00:00,8634,8558,1,2,Spain,21518,Spain LIGA BBVA,FC Barcelona,BAR,RCD Espanyol,ESP,61.0,39.0,True,6,1,9,0,4,2,13,3,12,23,6,7,1,0,-1,3,Away Win,Home,RCD Espanyol,1,2,61.0,39.0,6,1,9,0,4,2,13,3,12,23,6,7,1,0,Loss,15,1,-1,40.0,0
21691,21518,21518,2008/2009,25,01/03/2009 00:00,9906,8634,4,3,Spain,21518,Spain LIGA BBVA,Atlético Madrid,AMA,FC Barcelona,BAR,46.0,54.0,True,9,4,7,6,6,3,18,20,14,15,3,2,0,0,1,7,Home Win,Away,Atlético Madrid,3,4,54.0,46.0,4,9,6,7,3,6,20,18,15,14,2,3,0,0,Loss,10,16,-1,40.0,0
21703,21518,21518,2008/2009,26,07/03/2009 00:00,8634,8315,2,0,Spain,21518,Spain LIGA BBVA,FC Barcelona,BAR,Athletic Club de Bilbao,BIL,64.0,36.0,True,15,1,11,4,5,1,11,5,16,25,3,4,0,0,2,2,Home Win,Home,Athletic Club de Bilbao,2,0,64.0,36.0,15,1,11,4,5,1,11,5,16,25,3,4,0,0,Win,26,5,2,57.692307692307686,3
21712,21518,21518,2008/2009,27,15/03/2009 00:00,9865,8634,0,2,Spain,21518,Spain LIGA BBVA,UD Almería,ALM,FC Barcelona,BAR,32.0,68.0,True,2,7,2,8,5,4,13,23,12,10,3,0,0,0,-2,2,Away Win,Away,UD Almería,2,0,68.0,32.0,7,2,8,2,4,5,23,13,10,12,0,3,0,0,Win,15,4,2,46.666666666666664,3
21724,21518,21518,2008/2009,28,22/03/2009 00:00,8634,9864,6,0,Spain,21518,Spain LIGA BBVA,FC Barcelona,BAR,Málaga CF,MAL,66.0,34.0,True,11,3,8,6,9,7,16,13,9,13,2,4,0,0,6,6,Home Win,Home,Málaga CF,6,0,66.0,34.0,11,3,8,6,9,7,16,13,9,13,2,4,0,0,Win,19,9,6,57.89473684210527,3
21735,21518,21518,2008/2009,29,04/04/2009 00:00,10281,8634,0,1,Spain,21518,Spain LIGA BBVA,Real Valladolid,VAL,FC Barcelona,BAR,,,False,3,6,3,6,4,4,11,14,18,8,1,0,0,0,-1,1,Away Win,Away,Real Valladolid,1,0,,,6,3,6,3,4,4,14,11,8,18,0,1,0,0,Win,12,6,1,50.0,3
21738,21518,21518,2008/2009,3,21/09/2008 00:00,9869,8634,1,6,Spain,21518,Spain LIGA BBVA,Real Sporting de Gijón,SPG,FC Barcelona,BAR,32.0,68.0,True,2,6,2,9,3,14,9,15,15,8,2,0,1,0,-5,7,Away Win,Away,Real Sporting de Gijón,6,1,68.0,32.0,6,2,9,2,14,3,15,9,8,15,0,2,0,1,Win,15,4,5,40.0,3
21756,21518,21518,2008/2009,30,11/04/2009 00:00,8634,8479,2,0,Spain,21518,Spain LIGA BBVA,FC Barcelona,BAR,RC Recreativo,HUE,75.0,25.0,True,6,3,9,2,15,4,38,11,9,10,0,1,0,0,2,2,Home Win,Home,RC Recreativo,2,0,75.0,25.0,6,3,9,2,15,4,38,11,9,10,0,1,0,0,Win,15,5,2,40.0,3
21764,21518,21518,2008/2009,31,18/04/2009 00:00,8305,8634,0,1,Spain,21518,Spain LIGA BBVA,Getafe CF,GET,FC Barcelona,BAR,31.0,69.0,True,1,10,2,7,1,5,6,9,20,9,4,2,0,0,-1,1,Away Win,Away,Getafe CF,1,0,69.0,31.0,10,1,7,2,5,1,9,6,9,20,2,4,0,0,Win,17,3,1,58.82352941176471,3
21776,21518,21518,2008/2009,32,22/04/2009 00:00,8634,8302,4,0,Spain,21518,Spain LIGA BBVA,FC Barcelona,BAR,Sevilla FC,SEV,62.0,38.0,True,8,2,15,4,8,2,16,14,9,12,2,2,0,0,4,4,Home Win,Home,Sevilla FC,4,0,62.0,38.0,8,2,15,4,8,2,16,14,9,12,2,2,0,0,Win,23,6,4,34.78260869565217,3
21782,21518,21518,2008/2009,33,25/04/2009 00:00,10267,8634,2,2,Spain,21518,Spain LIGA BBVA,Valencia CF,VAL,FC Barcelona,BAR,37.0,63.0,True,3,8,4,4,5,9,14,22,21,9,5,2,0,0,0,4,Draw,Away,Valencia CF,2,2,63.0,37.0,8,3,4,4,9,5,22,14,9,21,2,5,0,0,Draw,12,7,0,66.66666666666666,1
21794,21518,21518,2008/2009,34,02/05/2009 00:00,8633,8634,2,6,Spain,21518,Spain LIGA BBVA,Real Madrid CF,REA,FC Barcelona,BAR,40.0,60.0,True,2,8,1,3,3,2,16,18,19,8,4,2,0,0,-4,8,Away Win,Away,Real Madrid CF,6,2,60.0,40.0,8,2,3,1,2,3,18,16,8,19,2,4,0,0,Win,11,3,4,72.72727272727273,3
21806,21518,21518,2008/2009,35,10/05/2009 00:00,8634,10205,3,3,Spain,21518,Spain LIGA BBVA,FC Barcelona,BAR,Villarreal CF,VIL,60.0,40.0,True,5,1,6,0,4,0,18,7,11,16,1,5,1,0,0,6,Draw,Home,Villarreal CF,3,3,60.0,40.0,5,1,6,0,4,0,18,7,11,16,1,5,1,0,Draw,11,1,0,45.45454545454545,1
21812,21518,21518,2008/2009,36,17/05/2009 00:00,8661,8634,2,1,Spain,21518,Spain LIGA BBVA,RCD Mallorca,MAL,FC Barcelona,BAR,40.0,60.0,True,8,10,5,5,8,7,18,15,15,18,1,2,0,0,1,3,Home Win,Away,RCD Mallorca,1,2,60.0,40.0,10,8,5,5,7,8,15,18,18,15,2,1,0,0,Loss,15,13,-1,66.66666666666666,0
21824,21518,21518,2008/2009,37,23/05/2009 00:00,8634,8371,0,1,Spain,21518,Spain LIGA BBVA,FC Barcelona,BAR,CA Osasuna,OSA,62.0,38.0,True,4,5,5,3,7,5,15,11,5,16,3,4,1,0,-1,1,Away Win,Home,CA Osasuna,0,1,62.0,38.0,4,5,5,3,7,5,15,11,5,16,3,4,1,0,Loss,9,8,-1,44.44444444444444,0
21834,21518,21518,2008/2009,38,30/05/2009 00:00,9783,8634,1,1,Spain,21518,Spain LIGA BBVA,RC Deportivo de La Coruña,COR,FC Barcelona,BAR,42.0,58.0,True,8,8,8,9,7,5,14,11,6,15,1,1,0,0,0,2,Draw,Away,RC Deportivo de La Coruña,1,1,58.0,42.0,8,8,9,8,5,7,11,14,15,6,1,1,0,0,Draw,17,16,0,47.05882352941176,1
21842,21518,21518,2008/2009,4,24/09/2008 00:00,8634,8603,3,2,Spain,21518,Spain LIGA BBVA,FC Barcelona,BAR,Real Betis Balompié,BET,65.0,35.0,True,9,3,7,5,6,5,12,9,12,21,2,3,0,0,1,5,Home Win,Home,Real Betis Balompié,3,2,65.0,35.0,9,3,7,5,6,5,12,9,12,21,2,3,0,0,Win,16,8,1,56.25,3
21853,21518,21518,2008/2009,5,27/09/2008 00:00,8558,8634,1,2,Spain,21518,Spain LIGA BBVA,RCD Espanyol,ESP,FC Barcelona,BAR,35.0,65.0,True,4,15,3,15,0,11,4,41,24,16,4,2,0,0,-1,3,Away Win,Away,RCD Espanyol,2,1,65.0,35.0,15,4,15,3,11,0,41,4,16,24,2,4,0,0,Win,30,7,1,50.0,3
21858,21518,21518,2008/2009,6,04/10/2008 00:00,8634,9906,6,1,Spain,21518,Spain LIGA BBVA,FC Barcelona,BAR,Atlético Madrid,AMA,,,False,4,1,7,1,3,1,12,8,7,14,1,4,0,0,5,7,Home Win,Home,Atlético Madrid,6,1,,,4,1,7,1,3,1,12,8,7,14,1,4,0,0,Win,11,2,5,36.36363636363637,3
21875,21518,21518,2008/2009,7,19/10/2008 00:00,8315,8634,0,1,Spain,21518,Spain LIGA BBVA,Athletic Club de Bilbao,BIL,FC Barcelona,BAR,50.0,50.0,True,5,6,2,6,4,4,12,17,9,17,3,3,0,0,-1,1,Away Win,Away,Athletic Club de Bilbao,1,0,50.0,50.0,6,5,6,2,4,4,17,12,17,9,3,3,0,0,Win,12,7,1,50.0,3
21884,21518,21518,2008/2009,8,25/10/2008 00:00,8634,9865,5,0,Spain,21518,Spain LIGA BBVA,FC Barcelona,BAR,UD Almería,ALM,,,False,0,0,0,0,0,0,0,0,0,0,0,3,0,1,5,5,Home Win,Home,UD Almería,5,0,,,0,0,0,0,0,0,0,0,0,0,0,3,0,1,Win,0,0,5,0.0,3
21889,21518,21518,2008/2009,9,01/11/2008 00:00,9864,8634,1,4,Spain,21518,Spain LIGA BBVA,Málaga CF,MAL,FC Barcelona,BAR,45.0,55.0,True,2,4,1,5,1,4,12,9,19,24,2,3,0,0,-3,5,Away Win,Away,Málaga CF,4,1,55.0,45.0,4,2,5,1,4,1,9,12,24,19,3,2,0,0,Win,9,3,3,44.44444444444444,3
21905,21518,21518,2009/2010,1,31/08/2009 00:00,8634,9869,3,0,Spain,21518,Spain LIGA BBVA,FC Barcelona,BAR,Real Sporting de Gijón,SPG,75.0,25.0,True,8,6,9,3,9,7,27,12,8,9,0,2,0,0,3,3,Home Win,Home,Real Sporting de Gijón,3,0,75.0,25.0,8,6,9,3,9,7,27,12,8,9,0,2,0,0,Win,17,9,3,47.05882352941176,3
21915,21518,21518,2009/2010,10,07/11/2009 00:00,8634,8661,4,2,Spain,21518,Spain LIGA BBVA,FC Barcelona,BAR,RCD Mallorca,MAL,68.0,32.0,True,7,5,6,3,2,4,13,14,12,19,1,2,0,0,2,6,Home Win,Home,RCD Mallorca,4,2,68.0,32.0,7,5,6,3,2,4,13,14,12,19,1,2,0,0,Win,13,8,2,53.84615384615385,3
21924,21518,21518,2009/2010,11,21/11/2009 00:00,8315,8634,1,1,Spain,21518,Spain LIGA BBVA,Athletic Club de Bilbao,BIL,FC Barcelona,BAR,38.0,62.0,True,1,6,6,6,5,7,20,27,16,15,1,1,0,0,0,2,Draw,Away,Athletic Club de Bilbao,1,1,62.0,38.0,6,1,6,6,7,5,27,20,15,16,1,1,0,0,Draw,12,7,0,50.0,1
21934,21518,21518,2009/2010,12,29/11/2009 00:00,8634,8633,1,0,Spain,21518,Spain LIGA BBVA,FC Barcelona,BAR,Real Madrid CF,REA,58.0,42.0,True,4,8,4,8,6,6,25,17,16,22,1,5,0,0,1,1,Home Win,Home,Real Madrid CF,1,0,58.0,42.0,4,8,4,8,6,6,25,17,16,22,1,5,0,0,Win,8,16,1,50.0,3
21943,21518,21518,2009/2010,13,05/12/2009 00:00,9783,8634,1,3,Spain,21518,Spain LIGA BBVA,RC Deportivo de La Coruña,COR,FC Barcelona,BAR,35.0,65.0,True,2,9,2,4,1,9,16,51,9,14,1,2,0,0,-2,4,Away Win,Away,RC Deportivo de La Coruña,3,1,65.0,35.0,9,2,4,2,9,1,51,16,14,9,2,1,0,0,Win,13,4,2,69.23076923076923,3
21953,21518,21518,2009/2010,14,12/12/2009 00:00,8634,8558,1,0,Spain,21518,Spain LIGA BBVA,FC Barcelona,BAR,RCD Espanyol,ESP,70.0,30.0,True,3,2,7,2,10,2,26,8,12,17,3,3,0,0,1,1,Home Win,Home,RCD Espanyol,1,0,70.0,30.0,3,2,7,2,10,2,26,8,12,17,3,3,0,0,Win,10,4,1,30.0,3
21962,21518,21518,2009/2010,15,02/12/2009 00:00,9868,8634,0,2,Spain,21518,Spain LIGA BBVA,Xerez Club Deportivo,XER,FC Barcelona,BAR,34.0,66.0,True,6,3,1,8,3,9,15,22,12,16,1,0,0,0,-2,2,Away Win,Away,Xerez Club Deportivo,2,0,66.0,34.0,3,6,8,1,9,3,22,15,16,12,0,1,0,0,Win,11,7,2,27.27272727272727,3
21972,21518,21518,2009/2010,16,02/01/2010 00:00,8634,10205,1,1,Spain,21518,Spain LIGA BBVA,FC Barcelona,BAR,Villarreal CF,VIL,63.0,37.0,True,7,3,5,3,6,7,26,16,22,15,2,4,0,0,0,2,Draw,Home,Villarreal CF,1,1,63.0,37.0,7,3,5,3,6,7,26,16,22,15,2,4,0,0,Draw,12,6,0,58.333333333333336,1
21981,21518,21518,2009/2010,17,10/01/2010 00:00,9867,8634,0,5,Spain,21518,Spain LIGA BBVA,CD Tenerife,TEN,FC Barcelona,BAR,36.0,64.0,True,5,4,8,6,3,1,10,12,14,9,3,2,0,0,-5,5,Away Win,Away,CD Tenerife,5,0,64.0,36.0,4,5,6,8,1,3,12,10,9,14,2,3,0,0,Win,10,13,5,40.0,3
21991,21518,21518,2009/2010,18,16/01/2010 00:00,8634,8302,4,0,Spain,21518,Spain LIGA BBVA,FC Barcelona,BAR,Sevilla FC,SEV,68.0,32.0,True,11,0,8,2,10,2,40,7,11,11,2,4,0,0,4,4,Home Win,Home,Sevilla FC,4,0,68.0,32.0,11,0,8,2,10,2,40,7,11,11,2,4,0,0,Win,19,2,4,57.89473684210527,3
22000,21518,21518,2009/2010,19,23/01/2010 00:00,10281,8634,0,3,Spain,21518,Spain LIGA BBVA,Real Valladolid,VAL,FC Barcelona,BAR,30.0,70.0,True,6,7,3,5,5,5,15,22,11,17,2,2,0,0,-3,3,Away Win,Away,Real Valladolid,3,0,70.0,30.0,7,6,5,3,5,5,22,15,17,11,2,2,0,0,Win,12,9,3,58.333333333333336,3
22016,21518,21518,2009/2010,2,12/09/2009 00:00,8305,8634,0,2,Spain,21518,Spain LIGA BBVA,Getafe CF,GET,FC Barcelona,BAR,39.0,61.0,True,6,8,9,4,2,5,17,18,12,16,3,1,0,0,-2,2,Away Win,Away,Getafe CF,2,0,61.0,39.0,8,6,4,9,5,2,18,17,16,12,1,3,0,0,Win,12,15,2,66.66666666666666,3
22025,21518,21518,2009/2010,20,30/01/2010 00:00,9869,8634,0,1,Spain,21518,Spain LIGA BBVA,Real Sporting de Gijón,SPG,FC Barcelona,BAR,29.0,71.0,True,2,6,1,11,2,9,9,25,15,8,6,3,0,0,-1,1,Away Win,Away,Real Sporting de Gijón,1,0,71.0,29.0,6,2,11,1,9,2,25,9,8,15,3,6,0,0,Win,17,3,1,35.294117647058826,3
22036,21518,21518,2009/2010,21,06/02/2010 00:00,8634,8305,2,1,Spain,21518,Spain LIGA BBVA,FC Barcelona,BAR,Getafe CF,GET,51.0,49.0,True,5,5,7,6,5,1,10,14,9,11,3,3,2,0,1,3,Home Win,Home,Getafe CF,2,1,51.0,49.0,5,5,7,6,5,1,10,14,9,11,3,3,2,0,Win,12,11,1,41.66666666666667,3
22046,21518,21518,2009/2010,22,14/02/2010 00:00,9906,8634,2,1,Spain,21518,Spain LIGA BBVA,Atlético Madrid,AMA,FC Barcelona,BAR,38.0,62.0,True,5,6,3,2,4,6,15,15,14,10,2,5,0,0,1,3,Home Win,Away,Atlético Madrid,1,2,62.0,38.0,6,5,2,3,6,4,15,15,10,14,5,2,0,0,Loss,8,8,-1,75.0,0
22057,21518,21518,2009/2010,23,20/02/2010 00:00,8634,8696,4,0,Spain,21518,Spain LIGA BBVA,FC Barcelona,BAR,Racing Santander,SAN,65.0,35.0,True,6,1,6,2,6,0,13,3,12,12,3,4,0,0,4,4,Home Win,Home,Racing Santander,4,0,65.0,35.0,6,1,6,2,6,0,13,3,12,12,3,4,0,0,Win,12,3,4,50.0,3
22067,21518,21518,2009/2010,24,27/02/2010 00:00,8634,9864,2,1,Spain,21518,Spain LIGA BBVA,FC Barcelona,BAR,Málaga CF,MAL,72.0,28.0,True,5,1,10,2,12,3,40,9,6,13,1,1,0,0,1,3,Home Win,Home,Málaga CF,2,1,72.0,28.0,5,1,10,2,12,3,40,9,6,13,1,1,0,0,Win,15,3,1,33.33333333333333,3
22077,21518,21518,2009/2010,25,06/03/2010 00:00,9865,8634,2,2,Spain,21518,Spain LIGA BBVA,UD Almería,ALM,FC Barcelona,BAR,27.0,73.0,True,2,9,4,8,5,5,11,24,16,11,0,0,0,1,0,4,Draw,Away,UD Almería,2,2,73.0,27.0,9,2,8,4,5,5,24,11,11,16,0,0,1,0,Draw,17,6,0,52.94117647058824,1
22086,21518,21518,2009/2010,26,14/03/2010 00:00,8634,10267,3,0,Spain,21518,Spain LIGA BBVA,FC Barcelona,BAR,Valencia CF,VAL,60.0,40.0,True,7,5,5,1,6,1,14,6,4,11,1,5,0,0,3,3,Home Win,Home,Valencia CF,3,0,60.0,40.0,7,5,5,1,6,1,14,6,4,11,1,5,0,0,Win,12,6,3,58.333333333333336,3
22096,21518,21518,2009/2010,27,21/03/2010 00:00,8394,8634,2,4,Spain,21518,Spain LIGA BBVA,Real Zaragoza,ZAR,FC Barcelona,BAR,40.0,60.0,True,1,3,8,10,4,6,17,24,15,14,3,3,0,0,-2,6,Away Win,Away,Real Zaragoza,4,2,60.0,40.0,3,1,10,8,6,4,24,17,14,15,3,3,0,0,Win,13,9,2,23.076923076923077,3
22105,21518,21518,2009/2010,28,24/03/2010 00:00,8634,8371,2,0,Spain,21518,Spain LIGA BBVA,FC Barcelona,BAR,CA Osasuna,OSA,67.0,33.0,True,5,2,6,1,8,3,12,6,11,20,4,2,0,0,2,2,Home Win,Home,CA Osasuna,2,0,67.0,33.0,5,2,6,1,8,3,12,6,11,20,4,2,0,0,Win,11,3,2,45.45454545454545,3
22115,21518,21518,2009/2010,29,27/03/2010 00:00,8661,8634,0,1,Spain,21518,Spain LIGA BBVA,RCD Mallorca,MAL,FC Barcelona,BAR,33.0,67.0,True,3,4,4,2,4,8,17,26,27,19,4,3,0,0,-1,1,Away Win,Away,RCD Mallorca,1,0,67.0,33.0,4,3,2,4,8,4,26,17,19,27,3,4,0,0,Win,6,7,1,66.66666666666666,3
22126,21518,21518,2009/2010,3,19/09/2009 00:00,8634,9906,5,2,Spain,21518,Spain LIGA BBVA,FC Barcelona,BAR,Atlético Madrid,AMA,54.0,46.0,True,3,5,2,5,7,8,9,11,8,16,1,3,0,0,3,7,Home Win,Home,Atlético Madrid,5,2,54.0,46.0,3,5,2,5,7,8,9,11,8,16,1,3,0,0,Win,5,10,3,60.0,3
22134,21518,21518,2009/2010,30,03/04/2010 00:00,8634,8315,4,1,Spain,21518,Spain LIGA BBVA,FC Barcelona,BAR,Athletic Club de Bilbao,BIL,63.0,37.0,True,9,4,4,7,6,8,22,18,3,5,1,1,0,0,3,5,Home Win,Home,Athletic Club de Bilbao,4,1,63.0,37.0,9,4,4,7,6,8,22,18,3,5,1,1,0,0,Win,13,11,3,69.23076923076923,3
22144,21518,21518,2009/2010,31,10/04/2010 00:00,8633,8634,0,2,Spain,21518,Spain LIGA BBVA,Real Madrid CF,REA,FC Barcelona,BAR,44.0,56.0,True,10,4,6,2,4,7,24,10,29,14,4,4,0,0,-2,2,Away Win,Away,Real Madrid CF,2,0,56.0,44.0,4,10,2,6,7,4,10,24,14,29,4,4,0,0,Win,6,16,2,66.66666666666666,3
22153,21518,21518,2009/2010,32,14/04/2010 00:00,8634,9783,3,0,Spain,21518,Spain LIGA BBVA,FC Barcelona,BAR,RC Deportivo de La Coruña,COR,73.0,27.0,True,10,2,7,2,14,2,46,5,12,13,0,3,0,0,3,3,Home Win,Home,RC Deportivo de La Coruña,3,0,73.0,27.0,10,2,7,2,14,2,46,5,12,13,0,3,0,0,Win,17,4,3,58.82352941176471,3
22163,21518,21518,2009/2010,33,17/04/2010 00:00,8558,8634,0,0,Spain,21518,Spain LIGA BBVA,RCD Espanyol,ESP,FC Barcelona,BAR,36.0,64.0,True,3,3,4,1,3,4,12,16,17,17,3,3,0,0,0,0,Draw,Away,RCD Espanyol,0,0,64.0,36.0,3,3,1,4,4,3,16,12,17,17,3,3,0,0,Draw,4,7,0,75.0,1
22172,21518,21518,2009/2010,34,24/04/2010 00:00,8634,9868,3,1,Spain,21518,Spain LIGA BBVA,FC Barcelona,BAR,Xerez Club Deportivo,XER,67.0,33.0,True,7,3,4,4,3,4,4,8,15,16,1,9,0,1,2,4,Home Win,Home,Xerez Club Deportivo,3,1,67.0,33.0,7,3,4,4,3,4,4,8,15,16,1,9,0,1,Win,11,7,2,63.63636363636363,3
22182,21518,21518,2009/2010,35,01/05/2010 00:00,10205,8634,1,4,Spain,21518,Spain LIGA BBVA,Villarreal CF,VIL,FC Barcelona,BAR,36.0,64.0,True,3,5,2,5,3,4,13,16,16,6,4,3,0,0,-3,5,Away Win,Away,Villarreal CF,4,1,64.0,36.0,5,3,5,2,4,3,16,13,6,16,3,4,0,0,Win,10,5,3,50.0,3
22191,21518,21518,2009/2010,36,04/05/2010 00:00,8634,9867,4,1,Spain,21518,Spain LIGA BBVA,FC Barcelona,BAR,CD Tenerife,TEN,78.0,22.0,True,5,2,9,1,9,2,26,7,4,23,0,3,0,0,3,5,Home Win,Home,CD Tenerife,4,1,78.0,22.0,5,2,9,1,9,2,26,7,4,23,0,3,0,0,Win,14,3,3,35.714285714285715,3
22201,21518,21518,2009/2010,37,08/05/2010 00:00,8302,8634,2,3,Spain,21518,Spain LIGA BBVA,Sevilla FC,SEV,FC Barcelona,BAR,36.0,64.0,True,3,4,2,9,2,4,9,24,22,10,5,6,0,0,-1,5,Away Win,Away,Sevilla FC,3,2,64.0,36.0,4,3,9,2,4,2,24,9,10,22,6,5,0,0,Win,13,5,1,30.76923076923077,3
22210,21518,21518,2009/2010,38,16/05/2010 00:00,8634,10281,4,0,Spain,21518,Spain LIGA BBVA,FC Barcelona,BAR,Real Valladolid,VAL,77.0,23.0,True,6,5,5,4,7,5,11,6,14,13,1,3,0,0,4,4,Home Win,Home,Real Valladolid,4,0,77.0,23.0,6,5,5,4,7,5,11,6,14,13,1,3,0,0,Win,11,9,4,54.54545454545454,3
22227,21518,21518,2009/2010,4,22/09/2009 00:00,8696,8634,1,4,Spain,21518,Spain LIGA BBVA,Racing Santander,SAN,FC Barcelona,BAR,28.0,72.0,True,1,7,2,4,2,3,2,7,9,10,4,1,0,0,-3,5,Away Win,Away,Racing Santander,4,1,72.0,28.0,7,1,4,2,3,2,7,2,10,9,1,4,0,0,Win,11,3,3,63.63636363636363,3
22237,21518,21518,2009/2010,5,26/09/2009 00:00,9864,8634,0,2,Spain,21518,Spain LIGA BBVA,Málaga CF,MAL,FC Barcelona,BAR,35.0,65.0,True,1,6,2,2,3,1,8,5,15,16,3,3,1,0,-2,2,Away Win,Away,Málaga CF,2,0,65.0,35.0,6,1,2,2,1,3,5,8,16,15,3,3,0,1,Win,8,3,2,75.0,3
22247,21518,21518,2009/2010,6,03/10/2009 00:00,8634,9865,1,0,Spain,21518,Spain LIGA BBVA,FC Barcelona,BAR,UD Almería,ALM,72.0,28.0,True,10,0,4,0,8,3,19,9,14,13,3,3,0,0,1,1,Home Win,Home,UD Almería,1,0,72.0,28.0,10,0,4,0,8,3,19,9,14,13,3,3,0,0,Win,14,0,1,71.42857142857143,3
22256,21518,21518,2009/2010,7,17/10/2009 00:00,10267,8634,0,0,Spain,21518,Spain LIGA BBVA,Valencia CF,VAL,FC Barcelona,BAR,40.0,60.0,True,4,6,4,4,7,5,20,12,10,8,4,2,0,0,0,0,Draw,Away,Valencia CF,0,0,60.0,40.0,6,4,4,4,5,7,12,20,8,10,2,4,0,0,Draw,10,8,0,60.0,1
22266,21518,21518,2009/2010,8,25/10/2009 00:00,8634,8394,6,1,Spain,21518,Spain LIGA BBVA,FC Barcelona,BAR,Real Zaragoza,ZAR,77.0,23.0,True,9,5,3,1,6,1,14,3,9,14,0,2,0,0,5,7,Home Win,Home,Real Zaragoza,6,1,77.0,23.0,9,5,3,1,6,1,14,3,9,14,0,2,0,0,Win,12,6,5,75.0,3
22275,21518,21518,2009/2010,9,31/10/2009 00:00,8371,8634,1,1,Spain,21518,Spain LIGA BBVA,CA Osasuna,OSA,FC Barcelona,BAR,30.0,70.0,True,0,11,6,4,4,7,11,16,15,9,1,3,0,0,0,2,Draw,Away,CA Osasuna,1,1,70.0,30.0,11,0,4,6,7,4,16,11,9,15,3,1,0,0,Draw,15,6,0,73.33333333333333,1
22280,21518,21518,2010/2011,1,29/08/2010 00:00,8696,8634,0,3,Spain,21518,Spain LIGA BBVA,Racing Santander,SAN,FC Barcelona,BAR,40.0,60.0,True,6,2,1,3,6,5,15,13,13,10,4,1,0,0,-3,3,Away Win,Away,Racing Santander,3,0,60.0,40.0,2,6,3,1,5,6,13,15,10,13,1,4,0,0,Win,5,7,3,40.0,3
22290,21518,21518,2010/2011,10,07/11/2010 00:00,8305,8634,1,3,Spain,21518,Spain LIGA BBVA,Getafe CF,GET,FC Barcelona,BAR,36.0,64.0,True,5,6,8,7,5,3,19,13,10,10,4,2,0,0,-2,4,Away Win,Away,Getafe CF,3,1,64.0,36.0,6,5,7,8,3,5,13,19,10,10,2,4,0,0,Win,13,13,2,46.15384615384615,3
22300,21518,21518,2010/2011,11,13/11/2010 00:00,8634,10205,3,1,Spain,21518,Spain LIGA BBVA,FC Barcelona,BAR,Villarreal CF,VIL,64.0,36.0,True,2,1,9,4,3,3,9,3,17,17,2,3,0,0,2,4,Home Win,Home,Villarreal CF,3,1,64.0,36.0,2,1,9,4,3,3,9,3,17,17,2,3,0,0,Win,11,5,2,18.181818181818183,3
22311,21518,21518,2010/2011,12,20/11/2010 00:00,9865,8634,0,8,Spain,21518,Spain LIGA BBVA,UD Almería,ALM,FC Barcelona,BAR,24.0,76.0,True,3,9,8,4,6,5,10,11,9,4,2,1,0,0,-8,8,Away Win,Away,UD Almería,8,0,76.0,24.0,9,3,4,8,5,6,11,10,4,9,1,2,0,0,Win,13,11,8,69.23076923076923,3
22321,21518,21518,2010/2011,13,29/11/2010 00:00,8634,8633,5,0,Spain,21518,Spain LIGA BBVA,FC Barcelona,BAR,Real Madrid CF,REA,67.0,33.0,True,3,2,7,5,3,6,11,18,11,18,5,8,0,1,5,5,Home Win,Home,Real Madrid CF,5,0,67.0,33.0,3,2,7,5,3,6,11,18,11,18,5,8,0,1,Win,10,7,5,30.0,3
22332,21518,21518,2010/2011,14,04/12/2010 00:00,8371,8634,0,3,Spain,21518,Spain LIGA BBVA,CA Osasuna,OSA,FC Barcelona,BAR,31.0,69.0,True,2,6,2,5,3,5,11,13,21,5,3,0,0,0,-3,3,Away Win,Away,CA Osasuna,3,0,69.0,31.0,6,2,5,2,5,3,13,11,5,21,0,3,0,0,Win,11,4,3,54.54545454545454,3
22342,21518,21518,2010/2011,15,12/12/2010 00:00,8634,8560,5,0,Spain,21518,Spain LIGA BBVA,FC Barcelona,BAR,Real Sociedad,SOC,79.0,21.0,True,5,0,7,2,11,2,14,1,6,8,1,0,0,0,5,5,Home Win,Home,Real Sociedad,5,0,79.0,21.0,5,0,7,2,11,2,14,1,6,8,1,0,0,0,Win,12,2,5,41.66666666666667,3
22353,21518,21518,2010/2011,16,18/12/2010 00:00,8558,8634,1,5,Spain,21518,Spain LIGA BBVA,RCD Espanyol,ESP,FC Barcelona,BAR,43.0,57.0,True,5,9,1,5,2,6,15,32,18,15,5,3,0,0,-4,6,Away Win,Away,RCD Espanyol,5,1,57.0,43.0,9,5,5,1,6,2,32,15,15,18,3,5,0,0,Win,14,6,4,64.28571428571429,3
22363,21518,21518,2010/2011,17,02/01/2011 00:00,8634,8581,2,1,Spain,21518,Spain LIGA BBVA,FC Barcelona,BAR,Levante UD,LEV,75.0,25.0,True,12,2,10,0,12,1,22,8,11,13,3,2,0,0,1,3,Home Win,Home,Levante UD,2,1,75.0,25.0,12,2,10,0,12,1,22,8,11,13,3,2,0,0,Win,22,2,1,54.54545454545454,3
22374,21518,21518,2010/2011,18,08/01/2011 00:00,9783,8634,0,4,Spain,21518,Spain LIGA BBVA,RC Deportivo de La Coruña,COR,FC Barcelona,BAR,32.0,68.0,True,3,2,3,1,4,7,8,11,8,6,1,0,0,0,-4,4,Away Win,Away,RC Deportivo de La Coruña,4,0,68.0,32.0,2,3,1,3,7,4,11,8,6,8,0,1,0,0,Win,3,6,4,66.66666666666666,3
22384,21518,21518,2010/2011,19,16/01/2011 00:00,8634,9864,4,1,Spain,21518,Spain LIGA BBVA,FC Barcelona,BAR,Málaga CF,MAL,70.0,30.0,True,4,1,3,1,8,1,15,2,11,10,1,1,0,0,3,5,Home Win,Home,Málaga CF,4,1,70.0,30.0,4,1,3,1,8,1,15,2,11,10,1,1,0,0,Win,7,2,3,57.14285714285714,3
22390,21518,21518,2010/2011,2,11/09/2010 00:00,8634,10278,0,2,Spain,21518,Spain LIGA BBVA,FC Barcelona,BAR,Hércules Club de Fútbol,HER,70.0,30.0,True,7,4,7,0,13,2,39,6,7,6,2,2,0,0,-2,2,Away Win,Home,Hércules Club de Fútbol,0,2,70.0,30.0,7,4,7,0,13,2,39,6,7,6,2,2,0,0,Loss,14,4,-2,50.0,0
22400,21518,21518,2010/2011,20,22/01/2011 00:00,8634,8696,3,0,Spain,21518,Spain LIGA BBVA,FC Barcelona,BAR,Racing Santander,SAN,69.0,31.0,True,8,3,4,3,8,1,16,5,6,12,0,0,0,0,3,3,Home Win,Home,Racing Santander,3,0,69.0,31.0,8,3,4,3,8,1,16,5,6,12,0,0,0,0,Win,12,6,3,66.66666666666666,3
22410,21518,21518,2010/2011,21,29/01/2011 00:00,10278,8634,0,3,Spain,21518,Spain LIGA BBVA,Hércules Club de Fútbol,HER,FC Barcelona,BAR,33.0,67.0,True,2,9,2,6,2,8,7,18,11,7,3,1,0,0,-3,3,Away Win,Away,Hércules Club de Fútbol,3,0,67.0,33.0,9,2,6,2,8,2,18,7,7,11,1,3,0,0,Win,15,4,3,60.0,3
22419,21518,21518,2010/2011,22,05/02/2011 00:00,8634,9906,3,0,Spain,21518,Spain LIGA BBVA,FC Barcelona,BAR,Atlético Madrid,AMA,64.0,36.0,True,4,3,7,2,5,5,30,10,9,11,2,3,0,0,3,3,Home Win,Home,Atlético Madrid,3,0,64.0,36.0,4,3,7,2,5,5,30,10,9,11,2,3,0,0,Win,11,5,3,36.36363636363637,3
22429,21518,21518,2010/2011,23,12/02/2011 00:00,9869,8634,1,1,Spain,21518,Spain LIGA BBVA,Real Sporting de Gijón,SPG,FC Barcelona,BAR,26.0,74.0,True,3,9,3,6,4,9,10,33,13,10,4,6,0,0,0,2,Draw,Away,Real Sporting de Gijón,1,1,74.0,26.0,9,3,6,3,9,4,33,10,10,13,6,4,0,0,Draw,15,6,0,60.0,1
22438,21518,21518,2010/2011,24,20/02/2011 00:00,8634,8315,2,1,Spain,21518,Spain LIGA BBVA,FC Barcelona,BAR,Athletic Club de Bilbao,BIL,74.0,26.0,True,4,4,13,1,11,1,25,6,9,19,3,3,0,0,1,3,Home Win,Home,Athletic Club de Bilbao,2,1,74.0,26.0,4,4,13,1,11,1,25,6,9,19,3,3,0,0,Win,17,5,1,23.52941176470588,3
22448,21518,21518,2010/2011,25,26/02/2011 00:00,8661,8634,0,3,Spain,21518,Spain LIGA BBVA,RCD Mallorca,MAL,FC Barcelona,BAR,28.0,72.0,True,5,2,5,2,5,2,15,17,13,9,1,0,0,0,-3,3,Away Win,Away,RCD Mallorca,3,0,72.0,28.0,2,5,2,5,2,5,17,15,9,13,0,1,0,0,Win,4,10,3,50.0,3
22458,21518,21518,2010/2011,26,02/03/2011 00:00,10267,8634,0,1,Spain,21518,Spain LIGA BBVA,Valencia CF,VAL,FC Barcelona,BAR,42.0,58.0,True,2,10,5,7,9,4,15,9,14,6,4,2,0,0,-1,1,Away Win,Away,Valencia CF,1,0,58.0,42.0,10,2,7,5,4,9,9,15,6,14,2,4,0,0,Win,17,7,1,58.82352941176471,3
22469,21518,21518,2010/2011,27,05/03/2011 00:00,8634,8394,1,0,Spain,21518,Spain LIGA BBVA,FC Barcelona,BAR,Real Zaragoza,ZAR,78.0,22.0,True,13,1,9,2,13,2,33,3,9,13,1,1,0,0,1,1,Home Win,Home,Real Zaragoza,1,0,78.0,22.0,13,1,9,2,13,2,33,3,9,13,1,1,0,0,Win,22,3,1,59.09090909090909,3
22480,21518,21518,2010/2011,28,13/03/2011 00:00,8302,8634,1,1,Spain,21518,Spain LIGA BBVA,Sevilla FC,SEV,FC Barcelona,BAR,33.0,67.0,True,3,6,6,4,0,4,8,13,15,8,5,2,0,0,0,2,Draw,Away,Sevilla FC,1,1,67.0,33.0,6,3,4,6,4,0,13,8,8,15,2,5,0,0,Draw,10,9,0,60.0,1
22490,21518,21518,2010/2011,29,19/03/2011 00:00,8634,8305,2,1,Spain,21518,Spain LIGA BBVA,FC Barcelona,BAR,Getafe CF,GET,69.0,31.0,True,6,3,6,3,6,3,17,11,10,10,3,2,0,0,1,3,Home Win,Home,Getafe CF,2,1,69.0,31.0,6,3,6,3,6,3,17,11,10,10,3,2,0,0,Win,12,6,1,50.0,3
22499,21518,21518,2010/2011,3,19/09/2010 00:00,9906,8634,1,2,Spain,21518,Spain LIGA BBVA,Atlético Madrid,AMA,FC Barcelona,BAR,31.0,69.0,True,5,10,2,3,6,6,14,15,21,13,4,5,1,0,-1,3,Away Win,Away,Atlético Madrid,2,1,69.0,31.0,10,5,3,2,6,6,15,14,13,21,5,4,0,1,Win,13,7,1,76.92307692307693,3
22510,21518,21518,2010/2011,30,02/04/2011 00:00,10205,8634,0,1,Spain,21518,Spain LIGA BBVA,Villarreal CF,VIL,FC Barcelona,BAR,31.0,69.0,True,2,7,4,2,3,8,5,18,10,14,2,4,0,0,-1,1,Away Win,Away,Villarreal CF,1,0,69.0,31.0,7,2,2,4,8,3,18,5,14,10,4,2,0,0,Win,9,6,1,77.77777777777779,3
22521,21518,21518,2010/2011,31,09/04/2011 00:00,8634,9865,3,1,Spain,21518,Spain LIGA BBVA,FC Barcelona,BAR,UD Almería,ALM,71.0,29.0,True,5,2,11,1,8,4,18,9,9,9,3,3,0,0,2,4,Home Win,Home,UD Almería,3,1,71.0,29.0,5,2,11,1,8,4,18,9,9,9,3,3,0,0,Win,16,3,2,31.25,3
22531,21518,21518,2010/2011,32,16/04/2011 00:00,8633,8634,1,1,Spain,21518,Spain LIGA BBVA,Real Madrid CF,REA,FC Barcelona,BAR,31.0,69.0,True,6,5,6,4,8,0,13,3,19,14,2,5,1,0,0,2,Draw,Away,Real Madrid CF,1,1,69.0,31.0,5,6,4,6,0,8,3,13,14,19,5,2,0,1,Draw,9,12,0,55.55555555555556,1
22542,21518,21518,2010/2011,33,23/04/2011 00:00,8634,8371,2,0,Spain,21518,Spain LIGA BBVA,FC Barcelona,BAR,CA Osasuna,OSA,70.0,30.0,True,4,5,5,5,6,5,30,20,8,11,2,2,0,0,2,2,Home Win,Home,CA Osasuna,2,0,70.0,30.0,4,5,5,5,6,5,30,20,8,11,2,2,0,0,Win,9,10,2,44.44444444444444,3
22552,21518,21518,2010/2011,34,30/04/2011 00:00,8560,8634,2,1,Spain,21518,Spain LIGA BBVA,Real Sociedad,SOC,FC Barcelona,BAR,28.0,72.0,True,4,5,2,3,5,5,17,15,15,12,2,1,0,0,1,3,Home Win,Away,Real Sociedad,1,2,72.0,28.0,5,4,3,2,5,5,15,17,12,15,1,2,0,0,Loss,8,6,-1,62.5,0
22563,21518,21518,2010/2011,35,08/05/2011 00:00,8634,8558,2,0,Spain,21518,Spain LIGA BBVA,FC Barcelona,BAR,RCD Espanyol,ESP,66.0,34.0,True,9,5,3,3,8,3,46,25,13,13,1,3,0,0,2,2,Home Win,Home,RCD Espanyol,2,0,66.0,34.0,9,5,3,3,8,3,46,25,13,13,1,3,0,0,Win,12,8,2,75.0,3
22573,21518,21518,2010/2011,36,11/05/2011 00:00,8581,8634,1,1,Spain,21518,Spain LIGA BBVA,Levante UD,LEV,FC Barcelona,BAR,26.0,74.0,True,4,2,2,7,2,3,14,15,10,4,1,1,0,0,0,2,Draw,Away,Levante UD,1,1,74.0,26.0,2,4,7,2,3,2,15,14,4,10,1,1,0,0,Draw,9,6,0,22.22222222222222,1
22584,21518,21518,2010/2011,37,15/05/2011 00:00,8634,9783,0,0,Spain,21518,Spain LIGA BBVA,FC Barcelona,BAR,RC Deportivo de La Coruña,COR,75.0,25.0,True,2,5,6,1,5,0,13,3,13,12,0,2,0,0,0,0,Draw,Home,RC Deportivo de La Coruña,0,0,75.0,25.0,2,5,6,1,5,0,13,3,13,12,0,2,0,0,Draw,8,6,0,25.0,1
22594,21518,21518,2010/2011,38,21/05/2011 00:00,9864,8634,1,3,Spain,21518,Spain LIGA BBVA,Málaga CF,MAL,FC Barcelona,BAR,42.0,58.0,True,4,7,6,7,6,8,23,9,10,6,3,2,0,0,-2,4,Away Win,Away,Málaga CF,3,1,58.0,42.0,7,4,7,6,8,6,9,23,6,10,2,3,0,0,Win,14,10,2,50.0,3
22599,21518,21518,2010/2011,4,22/09/2010 00:00,8634,9869,1,0,Spain,21518,Spain LIGA BBVA,FC Barcelona,BAR,Real Sporting de Gijón,SPG,73.0,27.0,True,7,1,6,0,6,4,9,4,9,9,2,5,0,0,1,1,Home Win,Home,Real Sporting de Gijón,1,0,73.0,27.0,7,1,6,0,6,4,9,4,9,9,2,5,0,0,Win,13,1,1,53.84615384615385,3
22608,21518,21518,2010/2011,5,25/09/2010 00:00,8315,8634,1,3,Spain,21518,Spain LIGA BBVA,Athletic Club de Bilbao,BIL,FC Barcelona,BAR,30.0,70.0,True,2,12,3,12,1,8,5,19,6,6,1,1,1,1,-2,4,Away Win,Away,Athletic Club de Bilbao,3,1,70.0,30.0,12,2,12,3,8,1,19,5,6,6,1,1,1,1,Win,24,5,2,50.0,3
22618,21518,21518,2010/2011,6,03/10/2010 00:00,8634,8661,1,1,Spain,21518,Spain LIGA BBVA,FC Barcelona,BAR,RCD Mallorca,MAL,75.0,25.0,True,9,4,10,3,13,6,30,9,6,7,0,6,0,0,0,2,Draw,Home,RCD Mallorca,1,1,75.0,25.0,9,4,10,3,13,6,30,9,6,7,0,6,0,0,Draw,19,7,0,47.368421052631575,1
22628,21518,21518,2010/2011,7,16/10/2010 00:00,8634,10267,2,1,Spain,21518,Spain LIGA BBVA,FC Barcelona,BAR,Valencia CF,VAL,55.0,45.0,True,10,2,4,3,7,6,34,20,7,7,2,4,0,0,1,3,Home Win,Home,Valencia CF,2,1,55.0,45.0,10,2,4,3,7,6,34,20,7,7,2,4,0,0,Win,14,5,1,71.42857142857143,3
22639,21518,21518,2010/2011,8,23/10/2010 00:00,8394,8634,0,2,Spain,21518,Spain LIGA BBVA,Real Zaragoza,ZAR,FC Barcelona,BAR,31.0,69.0,True,3,10,0,7,4,3,5,5,15,12,5,1,1,0,-2,2,Away Win,Away,Real Zaragoza,2,0,69.0,31.0,10,3,7,0,3,4,5,5,12,15,1,5,0,1,Win,17,3,2,58.82352941176471,3
22649,21518,21518,2010/2011,9,30/10/2010 00:00,8634,8302,5,0,Spain,21518,Spain LIGA BBVA,FC Barcelona,BAR,Sevilla FC,SEV,68.0,32.0,True,8,1,6,2,11,1,23,7,11,10,1,3,0,0,5,5,Home Win,Home,Sevilla FC,5,0,68.0,32.0,8,1,6,2,11,1,23,7,11,10,1,3,0,0,Win,14,3,5,57.14285714285714,3
22660,21518,21518,2011/2012,1,22/01/2012 00:00,9864,8634,1,4,Spain,21518,Spain LIGA BBVA,Málaga CF,MAL,FC Barcelona,BAR,29.0,71.0,True,5,8,3,5,5,2,7,11,12,13,1,0,0,0,-3,5,Away Win,Away,Málaga CF,4,1,71.0,29.0,8,5,5,3,2,5,11,7,13,12,0,1,0,0,Win,13,8,3,61.53846153846154,3
22677,21518,21518,2011/2012,10,25/10/2011 00:00,7878,8634,0,1,Spain,21518,Spain LIGA BBVA,Granada CF,GRA,FC Barcelona,BAR,28.0,72.0,True,1,7,1,9,2,10,12,23,15,9,5,4,0,0,-1,1,Away Win,Away,Granada CF,1,0,72.0,28.0,7,1,9,1,10,2,23,12,9,15,4,5,0,0,Win,16,2,1,43.75,3
22687,21518,21518,2011/2012,11,29/10/2011 00:00,8634,8661,5,0,Spain,21518,Spain LIGA BBVA,FC Barcelona,BAR,RCD Mallorca,MAL,67.0,33.0,True,7,0,6,3,9,1,19,9,9,16,1,2,0,0,5,5,Home Win,Home,RCD Mallorca,5,0,67.0,33.0,7,0,6,3,9,1,19,9,9,16,1,2,0,0,Win,13,3,5,53.84615384615385,3
22695,21518,21518,2011/2012,12,06/11/2011 00:00,8315,8634,2,2,Spain,21518,Spain LIGA BBVA,Athletic Club de Bilbao,BIL,FC Barcelona,BAR,41.0,59.0,True,2,9,0,4,3,5,12,14,24,12,4,1,0,0,0,4,Draw,Away,Athletic Club de Bilbao,2,2,59.0,41.0,9,2,4,0,5,3,14,12,12,24,1,4,0,0,Draw,13,2,0,69.23076923076923,1
22705,21518,21518,2011/2012,13,19/11/2011 00:00,8634,8394,4,0,Spain,21518,Spain LIGA BBVA,FC Barcelona,BAR,Real Zaragoza,ZAR,67.0,33.0,True,14,2,7,1,6,1,18,6,17,17,2,3,0,0,4,4,Home Win,Home,Real Zaragoza,4,0,67.0,33.0,14,2,7,1,6,1,18,6,17,17,2,3,0,0,Win,21,3,4,66.66666666666666,3
22717,21518,21518,2011/2012,14,26/11/2011 00:00,8305,8634,1,0,Spain,21518,Spain LIGA BBVA,Getafe CF,GET,FC Barcelona,BAR,34.0,66.0,True,1,15,5,6,2,13,3,25,14,5,4,3,0,0,1,1,Home Win,Away,Getafe CF,0,1,66.0,34.0,15,1,6,5,13,2,25,3,5,14,3,4,0,0,Loss,21,6,-1,71.42857142857143,0
22722,21518,21518,2011/2012,15,03/12/2011 00:00,8634,8581,5,0,Spain,21518,Spain LIGA BBVA,FC Barcelona,BAR,Levante UD,LEV,70.0,30.0,True,7,4,8,1,10,4,9,7,13,9,2,3,0,0,5,5,Home Win,Home,Levante UD,5,0,70.0,30.0,7,4,8,1,10,4,9,7,13,9,2,3,0,0,Win,15,5,5,46.666666666666664,3
22737,21518,21518,2011/2012,16,10/12/2011 00:00,8633,8634,1,3,Spain,21518,Spain LIGA BBVA,Real Madrid CF,REA,FC Barcelona,BAR,43.0,57.0,True,10,4,4,3,3,5,9,7,18,14,4,3,0,0,-2,4,Away Win,Away,Real Madrid CF,3,1,57.0,43.0,4,10,3,4,5,3,7,9,14,18,3,4,0,0,Win,7,14,2,57.14285714285714,3
22745,21518,21518,2011/2012,17,29/11/2011 00:00,8634,8370,4,0,Spain,21518,Spain LIGA BBVA,FC Barcelona,BAR,Rayo Vallecano,RAY,59.0,41.0,True,3,6,6,4,5,2,5,9,8,16,2,3,0,0,4,4,Home Win,Home,Rayo Vallecano,4,0,59.0,41.0,3,6,6,4,5,2,5,9,8,16,2,3,0,0,Win,9,10,4,33.33333333333333,3
22752,21518,21518,2011/2012,18,08/01/2012 00:00,8558,8634,1,1,Spain,21518,Spain LIGA BBVA,RCD Espanyol,ESP,FC Barcelona,BAR,34.0,66.0,True,6,4,5,5,4,4,6,4,15,7,7,1,0,0,0,2,Draw,Away,RCD Espanyol,1,1,66.0,34.0,4,6,5,5,4,4,4,6,7,15,1,7,0,0,Draw,9,11,0,44.44444444444444,1
22758,21518,21518,2011/2012,19,15/01/2012 00:00,8634,8603,4,2,Spain,21518,Spain LIGA BBVA,FC Barcelona,BAR,Real Betis Balompié,BET,65.0,35.0,True,6,4,4,4,5,3,14,6,13,16,3,5,0,0,2,6,Home Win,Home,Real Betis Balompié,4,2,65.0,35.0,6,4,4,4,5,3,14,6,13,16,3,5,0,0,Win,10,8,2,60.0,3
22771,21518,21518,2011/2012,2,29/08/2011 00:00,8634,10205,5,0,Spain,21518,Spain LIGA BBVA,FC Barcelona,BAR,Villarreal CF,VIL,71.0,29.0,True,4,2,9,3,12,0,15,3,9,10,3,3,0,0,5,5,Home Win,Home,Villarreal CF,5,0,71.0,29.0,4,2,9,3,12,0,15,3,9,10,3,3,0,0,Win,13,5,5,30.76923076923077,3
22785,21518,21518,2011/2012,20,02/05/2012 00:00,8634,9864,4,1,Spain,21518,Spain LIGA BBVA,FC Barcelona,BAR,Málaga CF,MAL,68.0,32.0,True,4,5,4,5,4,1,20,10,16,14,2,2,0,0,3,5,Home Win,Home,Málaga CF,4,1,68.0,32.0,4,5,4,5,4,1,20,10,16,14,2,2,0,0,Win,8,10,3,50.0,3
22797,21518,21518,2011/2012,21,28/01/2012 00:00,10205,8634,0,0,Spain,21518,Spain LIGA BBVA,Villarreal CF,VIL,FC Barcelona,BAR,32.0,68.0,True,2,4,1,8,1,5,1,12,13,8,5,2,0,0,0,0,Draw,Away,Villarreal CF,0,0,68.0,32.0,4,2,8,1,5,1,12,1,8,13,2,5,0,0,Draw,12,3,0,33.33333333333333,1
22805,21518,21518,2011/2012,22,04/02/2012 00:00,8634,8560,2,1,Spain,21518,Spain LIGA BBVA,FC Barcelona,BAR,Real Sociedad,SOC,67.0,33.0,True,9,3,7,1,5,3,12,4,6,12,0,2,0,0,1,3,Home Win,Home,Real Sociedad,2,1,67.0,33.0,9,3,7,1,5,3,12,4,6,12,0,2,0,0,Win,16,4,1,56.25,3
22810,21518,21518,2011/2012,23,11/02/2012 00:00,8371,8634,3,2,Spain,21518,Spain LIGA BBVA,CA Osasuna,OSA,FC Barcelona,BAR,25.0,75.0,True,2,14,2,3,3,12,8,24,11,5,2,6,0,0,1,5,Home Win,Away,CA Osasuna,2,3,75.0,25.0,14,2,3,2,12,3,24,8,5,11,6,2,0,0,Loss,17,4,-1,82.35294117647058,0
22827,21518,21518,2011/2012,24,19/02/2012 00:00,8634,10267,5,1,Spain,21518,Spain LIGA BBVA,FC Barcelona,BAR,Valencia CF,VAL,64.0,36.0,True,14,2,12,0,11,1,16,3,6,14,0,3,0,0,4,6,Home Win,Home,Valencia CF,5,1,64.0,36.0,14,2,12,0,11,1,16,3,6,14,0,3,0,0,Win,26,2,4,53.84615384615385,3
22832,21518,21518,2011/2012,25,26/02/2012 00:00,9906,8634,1,2,Spain,21518,Spain LIGA BBVA,Atlético Madrid,AMA,FC Barcelona,BAR,29.0,71.0,True,7,3,2,5,6,2,13,13,20,13,8,5,0,0,-1,3,Away Win,Away,Atlético Madrid,2,1,71.0,29.0,3,7,5,2,2,6,13,13,13,20,5,8,0,0,Win,8,9,1,37.5,3
22844,21518,21518,2011/2012,26,03/03/2012 00:00,8634,9869,3,1,Spain,21518,Spain LIGA BBVA,FC Barcelona,BAR,Real Sporting de Gijón,SPG,75.0,25.0,True,6,2,5,1,13,1,20,4,11,21,4,8,1,0,2,4,Home Win,Home,Real Sporting de Gijón,3,1,75.0,25.0,6,2,5,1,13,1,20,4,11,21,4,8,1,0,Win,11,3,2,54.54545454545454,3
22857,21518,21518,2011/2012,27,11/03/2012 00:00,8696,8634,0,2,Spain,21518,Spain LIGA BBVA,Racing Santander,SAN,FC Barcelona,BAR,28.0,72.0,True,1,8,0,11,3,6,4,9,17,10,6,0,0,0,-2,2,Away Win,Away,Racing Santander,2,0,72.0,28.0,8,1,11,0,6,3,9,4,10,17,0,6,0,0,Win,19,1,2,42.10526315789473,3
22864,21518,21518,2011/2012,28,17/03/2012 00:00,8302,8634,0,2,Spain,21518,Spain LIGA BBVA,Sevilla FC,SEV,FC Barcelona,BAR,41.0,59.0,True,4,13,7,3,7,4,15,9,13,10,3,3,0,0,-2,2,Away Win,Away,Sevilla FC,2,0,59.0,41.0,13,4,3,7,4,7,9,15,10,13,3,3,0,0,Win,16,11,2,81.25,3
22877,21518,21518,2011/2012,29,20/03/2012 00:00,8634,7878,5,3,Spain,21518,Spain LIGA BBVA,FC Barcelona,BAR,Granada CF,GRA,71.0,29.0,True,7,1,7,2,3,2,11,4,8,14,3,7,0,0,2,8,Home Win,Home,Granada CF,5,3,71.0,29.0,7,1,7,2,3,2,11,4,8,14,3,7,0,0,Win,14,3,2,50.0,3
22880,21518,21518,2011/2012,3,10/09/2011 00:00,8560,8634,2,2,Spain,21518,Spain LIGA BBVA,Real Sociedad,SOC,FC Barcelona,BAR,31.0,69.0,True,3,6,5,2,5,4,8,6,9,14,1,2,0,0,0,4,Draw,Away,Real Sociedad,2,2,69.0,31.0,6,3,2,5,4,5,6,8,14,9,2,1,0,0,Draw,8,8,0,75.0,1
22897,21518,21518,2011/2012,30,24/03/2012 00:00,8661,8634,0,2,Spain,21518,Spain LIGA BBVA,RCD Mallorca,MAL,FC Barcelona,BAR,41.0,59.0,True,3,6,4,7,5,6,10,5,19,5,2,2,0,0,-2,2,Away Win,Away,RCD Mallorca,2,0,59.0,41.0,6,3,7,4,6,5,5,10,5,19,2,2,0,0,Win,13,7,2,46.15384615384615,3
22905,21518,21518,2011/2012,31,31/03/2012 00:00,8634,8315,2,0,Spain,21518,Spain LIGA BBVA,FC Barcelona,BAR,Athletic Club de Bilbao,BIL,56.0,44.0,True,13,1,6,2,10,3,14,3,6,10,1,3,0,0,2,2,Home Win,Home,Athletic Club de Bilbao,2,0,56.0,44.0,13,1,6,2,10,3,14,3,6,10,1,3,0,0,Win,19,3,2,68.42105263157895,3
22913,21518,21518,2011/2012,32,07/04/2012 00:00,8394,8634,1,4,Spain,21518,Spain LIGA BBVA,Real Zaragoza,ZAR,FC Barcelona,BAR,27.0,73.0,True,4,10,4,3,2,9,10,23,19,7,5,5,0,0,-3,5,Away Win,Away,Real Zaragoza,4,1,73.0,27.0,10,4,3,4,9,2,23,10,7,19,5,5,0,0,Win,13,8,3,76.92307692307693,3
22927,21518,21518,2011/2012,33,10/04/2012 00:00,8634,8305,4,0,Spain,21518,Spain LIGA BBVA,FC Barcelona,BAR,Getafe CF,GET,73.0,27.0,True,10,0,4,3,13,5,26,7,8,10,1,1,0,0,4,4,Home Win,Home,Getafe CF,4,0,73.0,27.0,10,0,4,3,13,5,26,7,8,10,1,1,0,0,Win,14,3,4,71.42857142857143,3
22937,21518,21518,2011/2012,34,14/04/2012 00:00,8581,8634,1,2,Spain,21518,Spain LIGA BBVA,Levante UD,LEV,FC Barcelona,BAR,29.0,71.0,True,2,10,2,5,1,4,5,16,15,8,5,2,0,0,-1,3,Away Win,Away,Levante UD,2,1,71.0,29.0,10,2,5,2,4,1,16,5,8,15,2,5,0,0,Win,15,4,1,66.66666666666666,3
22940,21518,21518,2011/2012,35,21/04/2012 00:00,8634,8633,1,2,Spain,21518,Spain LIGA BBVA,FC Barcelona,BAR,Real Madrid CF,REA,66.0,34.0,True,4,5,7,8,4,7,14,10,12,16,2,4,0,0,-1,3,Away Win,Home,Real Madrid CF,1,2,66.0,34.0,4,5,7,8,4,7,14,10,12,16,2,4,0,0,Loss,11,13,-1,36.36363636363637,0
22950,21518,21518,2011/2012,36,29/04/2012 00:00,8370,8634,0,7,Spain,21518,Spain LIGA BBVA,Rayo Vallecano,RAY,FC Barcelona,BAR,27.0,73.0,True,4,7,4,5,7,9,10,25,20,7,4,1,0,0,-7,7,Away Win,Away,Rayo Vallecano,7,0,73.0,27.0,7,4,5,4,9,7,25,10,7,20,1,4,0,0,Win,12,8,7,58.333333333333336,3
22963,21518,21518,2011/2012,37,05/05/2012 00:00,8634,8558,4,0,Spain,21518,Spain LIGA BBVA,FC Barcelona,BAR,RCD Espanyol,ESP,66.0,34.0,True,5,5,4,5,5,3,9,3,13,21,4,5,0,0,4,4,Home Win,Home,RCD Espanyol,4,0,66.0,34.0,5,5,4,5,5,3,9,3,13,21,4,5,0,0,Win,9,10,4,55.55555555555556,3
22973,21518,21518,2011/2012,38,12/05/2012 00:00,8603,8634,2,2,Spain,21518,Spain LIGA BBVA,Real Betis Balompié,BET,FC Barcelona,BAR,39.0,61.0,True,3,6,1,3,2,7,9,14,15,7,2,1,0,0,0,4,Draw,Away,Real Betis Balompié,2,2,61.0,39.0,6,3,3,1,7,2,14,9,7,15,1,2,0,0,Draw,9,4,0,66.66666666666666,1
22985,21518,21518,2011/2012,4,17/09/2011 00:00,8634,8371,8,0,Spain,21518,Spain LIGA BBVA,FC Barcelona,BAR,CA Osasuna,OSA,83.0,17.0,True,7,3,3,2,7,3,5,6,6,13,1,6,0,0,8,8,Home Win,Home,CA Osasuna,8,0,83.0,17.0,7,3,3,2,7,3,5,6,6,13,1,6,0,0,Win,10,5,8,70.0,3
22997,21518,21518,2011/2012,5,21/09/2011 00:00,10267,8634,2,2,Spain,21518,Spain LIGA BBVA,Valencia CF,VAL,FC Barcelona,BAR,44.0,56.0,True,2,4,5,2,3,2,19,45,13,6,4,1,1,0,0,4,Draw,Away,Valencia CF,2,2,56.0,44.0,4,2,2,5,2,3,45,19,6,13,1,4,0,1,Draw,6,7,0,66.66666666666666,1
23007,21518,21518,2011/2012,6,24/09/2011 00:00,8634,9906,5,0,Spain,21518,Spain LIGA BBVA,FC Barcelona,BAR,Atlético Madrid,AMA,67.0,33.0,True,8,3,6,4,8,1,10,3,16,15,1,1,0,0,5,5,Home Win,Home,Atlético Madrid,5,0,67.0,33.0,8,3,6,4,8,1,10,3,16,15,1,1,0,0,Win,14,7,5,57.14285714285714,3
23014,21518,21518,2011/2012,7,02/10/2011 00:00,9869,8634,0,1,Spain,21518,Spain LIGA BBVA,Real Sporting de Gijón,SPG,FC Barcelona,BAR,26.0,74.0,True,3,6,2,8,4,5,8,6,15,5,2,2,0,0,-1,1,Away Win,Away,Real Sporting de Gijón,1,0,74.0,26.0,6,3,8,2,5,4,6,8,5,15,2,2,0,0,Win,14,5,1,42.857142857142854,3
23022,21518,21518,2011/2012,8,15/10/2011 00:00,8634,8696,3,0,Spain,21518,Spain LIGA BBVA,FC Barcelona,BAR,Racing Santander,SAN,76.0,24.0,True,6,3,10,0,6,0,13,6,5,15,0,2,0,0,3,3,Home Win,Home,Racing Santander,3,0,76.0,24.0,6,3,10,0,6,0,13,6,5,15,0,2,0,0,Win,16,3,3,37.5,3
23034,21518,21518,2011/2012,9,22/10/2011 00:00,8634,8302,0,0,Spain,21518,Spain LIGA BBVA,FC Barcelona,BAR,Sevilla FC,SEV,75.0,25.0,True,11,3,9,2,13,3,28,7,7,6,3,7,0,1,0,0,Draw,Home,Sevilla FC,0,0,75.0,25.0,11,3,9,2,13,3,28,7,7,6,3,7,0,1,Draw,20,5,0,55.00000000000001,1
23040,21518,21518,2012/2013,1,19/08/2012 00:00,8634,8560,5,1,Spain,21518,Spain LIGA BBVA,FC Barcelona,BAR,Real Sociedad,SOC,,,False,0,0,0,0,0,0,0,0,0,0,2,3,0,0,4,6,Home Win,Home,Real Sociedad,5,1,,,0,0,0,0,0,0,0,0,0,0,2,3,0,0,Win,0,0,4,0.0,3
23057,21518,21518,2012/2013,10,03/11/2012 00:00,8634,9910,3,1,Spain,21518,Spain LIGA BBVA,FC Barcelona,BAR,RC Celta de Vigo,CEL,,,False,0,0,0,0,0,0,0,0,0,0,1,2,0,0,2,4,Home Win,Home,RC Celta de Vigo,3,1,,,0,0,0,0,0,0,0,0,0,0,1,2,0,0,Win,0,0,2,0.0,3
23066,21518,21518,2012/2013,11,11/11/2012 00:00,8661,8634,2,4,Spain,21518,Spain LIGA BBVA,RCD Mallorca,MAL,FC Barcelona,BAR,,,False,0,0,0,0,0,0,0,0,0,0,1,1,0,0,-2,6,Away Win,Away,RCD Mallorca,4,2,,,0,0,0,0,0,0,0,0,0,0,1,1,0,0,Win,0,0,2,0.0,3
23076,21518,21518,2012/2013,12,17/11/2012 00:00,8634,8394,3,1,Spain,21518,Spain LIGA BBVA,FC Barcelona,BAR,Real Zaragoza,ZAR,,,False,0,0,0,0,0,0,0,0,0,0,0,1,0,0,2,4,Home Win,Home,Real Zaragoza,3,1,,,0,0,0,0,0,0,0,0,0,0,0,1,0,0,Win,0,0,2,0.0,3
23085,21518,21518,2012/2013,13,25/11/2012 00:00,8581,8634,0,4,Spain,21518,Spain LIGA BBVA,Levante UD,LEV,FC Barcelona,BAR,,,False,0,0,0,0,0,0,0,0,0,0,0,2,0,0,-4,4,Away Win,Away,Levante UD,4,0,,,0,0,0,0,0,0,0,0,0,0,2,0,0,0,Win,0,0,4,0.0,3
23095,21518,21518,2012/2013,14,01/12/2012 00:00,8634,8315,5,1,Spain,21518,Spain LIGA BBVA,FC Barcelona,BAR,Athletic Club de Bilbao,BIL,,,False,0,0,0,0,0,0,0,0,0,0,1,3,0,0,4,6,Home Win,Home,Athletic Club de Bilbao,5,1,,,0,0,0,0,0,0,0,0,0,0,1,3,0,0,Win,0,0,4,0.0,3
23104,21518,21518,2012/2013,15,09/12/2012 00:00,8603,8634,1,2,Spain,21518,Spain LIGA BBVA,Real Betis Balompié,BET,FC Barcelona,BAR,,,False,0,0,0,0,0,0,0,0,0,0,3,2,0,0,-1,3,Away Win,Away,Real Betis Balompié,2,1,,,0,0,0,0,0,0,0,0,0,0,2,3,0,0,Win,0,0,1,0.0,3
23110,21518,21518,2012/2013,16,16/12/2012 00:00,8634,9906,4,1,Spain,21518,Spain LIGA BBVA,FC Barcelona,BAR,Atlético Madrid,AMA,,,False,0,0,0,0,0,0,0,0,0,0,1,1,0,0,3,5,Home Win,Home,Atlético Madrid,4,1,,,0,0,0,0,0,0,0,0,0,0,1,1,0,0,Win,0,0,3,0.0,3
23123,21518,21518,2012/2013,17,22/12/2012 00:00,10281,8634,1,3,Spain,21518,Spain LIGA BBVA,Real Valladolid,VAL,FC Barcelona,BAR,,,False,0,0,0,0,0,0,0,0,0,0,4,1,0,0,-2,4,Away Win,Away,Real Valladolid,3,1,,,0,0,0,0,0,0,0,0,0,0,1,4,0,0,Win,0,0,2,0.0,3
23133,21518,21518,2012/2013,18,06/01/2013 00:00,8634,8558,4,0,Spain,21518,Spain LIGA BBVA,FC Barcelona,BAR,RCD Espanyol,ESP,,,False,0,0,0,0,0,0,0,0,0,0,0,4,0,0,4,4,Home Win,Home,RCD Espanyol,4,0,,,0,0,0,0,0,0,0,0,0,0,0,4,0,0,Win,0,0,4,0.0,3
23142,21518,21518,2012/2013,19,13/01/2013 00:00,9864,8634,1,3,Spain,21518,Spain LIGA BBVA,Málaga CF,MAL,FC Barcelona,BAR,,,False,0,0,0,0,0,0,0,0,0,0,1,2,0,0,-2,4,Away Win,Away,Málaga CF,3,1,,,0,0,0,0,0,0,0,0,0,0,2,1,0,0,Win,0,0,2,0.0,3
23154,21518,21518,2012/2013,2,26/08/2012 00:00,8371,8634,1,2,Spain,21518,Spain LIGA BBVA,CA Osasuna,OSA,FC Barcelona,BAR,,,False,0,0,0,0,0,0,0,0,0,0,7,3,1,0,-1,3,Away Win,Away,CA Osasuna,2,1,,,0,0,0,0,0,0,0,0,0,0,3,7,0,1,Win,0,0,1,0.0,3
23163,21518,21518,2012/2013,20,19/01/2013 00:00,8560,8634,3,2,Spain,21518,Spain LIGA BBVA,Real Sociedad,SOC,FC Barcelona,BAR,,,False,0,0,0,0,0,0,0,0,0,0,3,3,0,0,1,5,Home Win,Away,Real Sociedad,2,3,,,0,0,0,0,0,0,0,0,0,0,3,3,0,0,Loss,0,0,-1,0.0,0
23174,21518,21518,2012/2013,21,27/01/2013 00:00,8634,8371,5,1,Spain,21518,Spain LIGA BBVA,FC Barcelona,BAR,CA Osasuna,OSA,,,False,0,0,0,0,0,0,0,0,0,0,1,2,0,0,4,6,Home Win,Home,CA Osasuna,5,1,,,0,0,0,0,0,0,0,0,0,0,1,2,0,0,Win,0,0,4,0.0,3
23184,21518,21518,2012/2013,22,03/02/2013 00:00,10267,8634,1,1,Spain,21518,Spain LIGA BBVA,Valencia CF,VAL,FC Barcelona,BAR,,,False,0,0,0,0,0,0,0,0,0,0,3,1,0,0,0,2,Draw,Away,Valencia CF,1,1,,,0,0,0,0,0,0,0,0,0,0,1,3,0,0,Draw,0,0,0,0.0,1
23195,21518,21518,2012/2013,23,10/02/2013 00:00,8634,8305,6,1,Spain,21518,Spain LIGA BBVA,FC Barcelona,BAR,Getafe CF,GET,,,False,0,0,0,0,0,0,0,0,0,0,1,2,0,0,5,7,Home Win,Home,Getafe CF,6,1,,,0,0,0,0,0,0,0,0,0,0,1,2,0,0,Win,0,0,5,0.0,3
23205,21518,21518,2012/2013,24,16/02/2013 00:00,7878,8634,1,2,Spain,21518,Spain LIGA BBVA,Granada CF,GRA,FC Barcelona,BAR,,,False,0,0,0,0,0,0,0,0,0,0,2,1,0,0,-1,3,Away Win,Away,Granada CF,2,1,,,0,0,0,0,0,0,0,0,0,0,1,2,0,0,Win,0,0,1,0.0,3
23216,21518,21518,2012/2013,25,23/02/2013 00:00,8634,8302,2,1,Spain,21518,Spain LIGA BBVA,FC Barcelona,BAR,Sevilla FC,SEV,,,False,0,0,0,0,0,0,0,0,0,0,0,2,0,0,1,3,Home Win,Home,Sevilla FC,2,1,,,0,0,0,0,0,0,0,0,0,0,0,2,0,0,Win,0,0,1,0.0,3
23226,21518,21518,2012/2013,26,02/03/2013 00:00,8633,8634,2,1,Spain,21518,Spain LIGA BBVA,Real Madrid CF,REA,FC Barcelona,BAR,,,False,0,0,0,0,0,0,0,0,0,0,4,6,0,1,1,3,Home Win,Away,Real Madrid CF,1,2,,,0,0,0,0,0,0,0,0,0,0,6,4,1,0,Loss,0,0,-1,0.0,0
23237,21518,21518,2012/2013,27,09/03/2013 00:00,8634,9783,2,0,Spain,21518,Spain LIGA BBVA,FC Barcelona,BAR,RC Deportivo de La Coruña,COR,,,False,0,0,0,0,0,0,0,0,0,0,2,1,0,0,2,2,Home Win,Home,RC Deportivo de La Coruña,2,0,,,0,0,0,0,0,0,0,0,0,0,2,1,0,0,Win,0,0,2,0.0,3
23247,21518,21518,2012/2013,28,17/03/2013 00:00,8634,8370,3,1,Spain,21518,Spain LIGA BBVA,FC Barcelona,BAR,Rayo Vallecano,RAY,,,False,0,0,0,0,0,0,0,0,0,0,1,4,0,0,2,4,Home Win,Home,Rayo Vallecano,3,1,,,0,0,0,0,0,0,0,0,0,0,1,4,0,0,Win,0,0,2,0.0,3
23257,21518,21518,2012/2013,29,30/03/2013 00:00,9910,8634,2,2,Spain,21518,Spain LIGA BBVA,RC Celta de Vigo,CEL,FC Barcelona,BAR,,,False,0,0,0,0,0,0,0,0,0,0,4,3,0,0,0,4,Draw,Away,RC Celta de Vigo,2,2,,,0,0,0,0,0,0,0,0,0,0,3,4,0,0,Draw,0,0,0,0.0,1
23264,21518,21518,2012/2013,3,02/09/2012 00:00,8634,10267,1,0,Spain,21518,Spain LIGA BBVA,FC Barcelona,BAR,Valencia CF,VAL,,,False,0,0,0,0,0,0,0,0,0,0,1,3,0,0,1,1,Home Win,Home,Valencia CF,1,0,,,0,0,0,0,0,0,0,0,0,0,1,3,0,0,Win,0,0,1,0.0,3
23276,21518,21518,2012/2013,30,06/04/2013 00:00,8634,8661,5,0,Spain,21518,Spain LIGA BBVA,FC Barcelona,BAR,RCD Mallorca,MAL,,,False,0,0,0,0,0,0,0,0,0,0,1,1,0,0,5,5,Home Win,Home,RCD Mallorca,5,0,,,0,0,0,0,0,0,0,0,0,0,1,1,0,0,Win,0,0,5,0.0,3
23286,21518,21518,2012/2013,31,14/04/2013 00:00,8394,8634,0,3,Spain,21518,Spain LIGA BBVA,Real Zaragoza,ZAR,FC Barcelona,BAR,,,False,0,0,0,0,0,0,0,0,0,0,3,2,0,0,-3,3,Away Win,Away,Real Zaragoza,3,0,,,0,0,0,0,0,0,0,0,0,0,2,3,0,0,Win,0,0,3,0.0,3
23295,21518,21518,2012/2013,32,20/04/2013 00:00,8634,8581,1,0,Spain,21518,Spain LIGA BBVA,FC Barcelona,BAR,Levante UD,LEV,,,False,0,0,0,0,0,0,0,0,0,0,1,2,0,0,1,1,Home Win,Home,Levante UD,1,0,,,0,0,0,0,0,0,0,0,0,0,1,2,0,0,Win,0,0,1,0.0,3
23305,21518,21518,2012/2013,33,27/04/2013 00:00,8315,8634,2,2,Spain,21518,Spain LIGA BBVA,Athletic Club de Bilbao,BIL,FC Barcelona,BAR,,,False,0,0,0,0,0,0,0,0,0,0,3,2,0,0,0,4,Draw,Away,Athletic Club de Bilbao,2,2,,,0,0,0,0,0,0,0,0,0,0,2,3,0,0,Draw,0,0,0,0.0,1
23314,21518,21518,2012/2013,34,05/05/2013 00:00,8634,8603,4,2,Spain,21518,Spain LIGA BBVA,FC Barcelona,BAR,Real Betis Balompié,BET,,,False,0,0,0,0,0,0,0,0,0,0,1,1,0,0,2,6,Home Win,Home,Real Betis Balompié,4,2,,,0,0,0,0,0,0,0,0,0,0,1,1,0,0,Win,0,0,2,0.0,3
23324,21518,21518,2012/2013,35,12/05/2013 00:00,9906,8634,1,2,Spain,21518,Spain LIGA BBVA,Atlético Madrid,AMA,FC Barcelona,BAR,,,False,0,0,0,0,0,0,0,0,0,0,1,2,0,0,-1,3,Away Win,Away,Atlético Madrid,2,1,,,0,0,0,0,0,0,0,0,0,0,2,1,0,0,Win,0,0,1,0.0,3
23333,21518,21518,2012/2013,36,19/05/2013 00:00,8634,10281,2,1,Spain,21518,Spain LIGA BBVA,FC Barcelona,BAR,Real Valladolid,VAL,,,False,0,0,0,0,0,0,0,0,0,0,0,0,0,0,1,3,Home Win,Home,Real Valladolid,2,1,,,0,0,0,0,0,0,0,0,0,0,0,0,0,0,Win,0,0,1,0.0,3
23343,21518,21518,2012/2013,37,26/05/2013 00:00,8558,8634,0,2,Spain,21518,Spain LIGA BBVA,RCD Espanyol,ESP,FC Barcelona,BAR,,,False,0,0,0,0,0,0,0,0,0,0,4,2,0,0,-2,2,Away Win,Away,RCD Espanyol,2,0,,,0,0,0,0,0,0,0,0,0,0,2,4,0,0,Win,0,0,2,0.0,3
23353,21518,21518,2012/2013,38,01/06/2013 00:00,8634,9864,4,1,Spain,21518,Spain LIGA BBVA,FC Barcelona,BAR,Málaga CF,MAL,,,False,0,0,0,0,0,0,0,0,0,0,0,0,0,0,3,5,Home Win,Home,Málaga CF,4,1,,,0,0,0,0,0,0,0,0,0,0,0,0,0,0,Win,0,0,3,0.0,3
23365,21518,21518,2012/2013,4,15/09/2012 00:00,8305,8634,1,4,Spain,21518,Spain LIGA BBVA,Getafe CF,GET,FC Barcelona,BAR,,,False,0,0,0,0,0,0,0,0,0,0,2,2,0,0,-3,5,Away Win,Away,Getafe CF,4,1,,,0,0,0,0,0,0,0,0,0,0,2,2,0,0,Win,0,0,3,0.0,3
23375,21518,21518,2012/2013,5,22/09/2012 00:00,8634,7878,2,0,Spain,21518,Spain LIGA BBVA,FC Barcelona,BAR,Granada CF,GRA,,,False,0,0,0,0,0,0,0,0,0,0,0,3,0,0,2,2,Home Win,Home,Granada CF,2,0,,,0,0,0,0,0,0,0,0,0,0,0,3,0,0,Win,0,0,2,0.0,3
23386,21518,21518,2012/2013,6,29/09/2012 00:00,8302,8634,2,3,Spain,21518,Spain LIGA BBVA,Sevilla FC,SEV,FC Barcelona,BAR,,,False,0,0,0,0,0,0,0,0,0,0,2,2,1,0,-1,5,Away Win,Away,Sevilla FC,3,2,,,0,0,0,0,0,0,0,0,0,0,2,2,0,1,Win,0,0,1,0.0,3
23396,21518,21518,2012/2013,7,07/10/2012 00:00,8634,8633,2,2,Spain,21518,Spain LIGA BBVA,FC Barcelona,BAR,Real Madrid CF,REA,,,False,0,0,0,0,0,0,0,0,0,0,2,4,0,0,0,4,Draw,Home,Real Madrid CF,2,2,,,0,0,0,0,0,0,0,0,0,0,2,4,0,0,Draw,0,0,0,0.0,1
23407,21518,21518,2012/2013,8,20/10/2012 00:00,9783,8634,4,5,Spain,21518,Spain LIGA BBVA,RC Deportivo de La Coruña,COR,FC Barcelona,BAR,,,False,0,0,0,0,0,0,0,0,0,0,4,4,0,0,-1,9,Away Win,Away,RC Deportivo de La Coruña,5,4,,,0,0,0,0,0,0,0,0,0,0,4,4,0,0,Win,0,0,1,0.0,3
23417,21518,21518,2012/2013,9,27/10/2012 00:00,8370,8634,0,5,Spain,21518,Spain LIGA BBVA,Rayo Vallecano,RAY,FC Barcelona,BAR,,,False,0,0,0,0,0,0,0,0,0,0,5,1,0,0,-5,5,Away Win,Away,Rayo Vallecano,5,0,,,0,0,0,0,0,0,0,0,0,0,1,5,0,0,Win,0,0,5,0.0,3
23426,21518,21518,2013/2014,1,18/08/2013 00:00,8634,8581,7,0,Spain,21518,Spain LIGA BBVA,FC Barcelona,BAR,Levante UD,LEV,,,False,0,0,0,0,0,0,0,0,0,0,1,3,0,0,7,7,Home Win,Home,Levante UD,7,0,,,0,0,0,0,0,0,0,0,0,0,1,3,0,0,Win,0,0,7,0.0,3
23434,21518,21518,2013/2014,10,26/10/2013 00:00,8634,8633,2,1,Spain,21518,Spain LIGA BBVA,FC Barcelona,BAR,Real Madrid CF,REA,53.0,47.0,True,10,5,2,4,4,3,7,22,17,16,2,5,0,0,1,3,Home Win,Home,Real Madrid CF,2,1,53.0,47.0,10,5,2,4,4,3,7,22,17,16,2,5,0,0,Win,12,9,1,83.33333333333334,3
23443,21518,21518,2013/2014,11,29/10/2013 00:00,9910,8634,0,3,Spain,21518,Spain LIGA BBVA,RC Celta de Vigo,CEL,FC Barcelona,BAR,,,False,0,0,0,0,0,0,0,0,0,0,3,1,0,0,-3,3,Away Win,Away,RC Celta de Vigo,3,0,,,0,0,0,0,0,0,0,0,0,0,1,3,0,0,Win,0,0,3,0.0,3
23453,21518,21518,2013/2014,12,01/11/2013 00:00,8634,8558,1,0,Spain,21518,Spain LIGA BBVA,FC Barcelona,BAR,RCD Espanyol,ESP,,,False,0,0,0,0,0,0,0,0,0,0,1,3,0,0,1,1,Home Win,Home,RCD Espanyol,1,0,,,0,0,0,0,0,0,0,0,0,0,1,3,0,0,Win,0,0,1,0.0,3
23462,21518,21518,2013/2014,13,10/11/2013 00:00,8603,8634,1,4,Spain,21518,Spain LIGA BBVA,Real Betis Balompié,BET,FC Barcelona,BAR,,,False,0,0,0,0,0,0,0,0,0,0,3,2,0,0,-3,5,Away Win,Away,Real Betis Balompié,4,1,,,0,0,0,0,0,0,0,0,0,0,2,3,0,0,Win,0,0,3,0.0,3
23472,21518,21518,2013/2014,14,23/11/2013 00:00,8634,7878,4,0,Spain,21518,Spain LIGA BBVA,FC Barcelona,BAR,Granada CF,GRA,,,False,0,0,0,0,0,0,0,0,0,0,2,3,0,0,4,4,Home Win,Home,Granada CF,4,0,,,0,0,0,0,0,0,0,0,0,0,2,3,0,0,Win,0,0,4,0.0,3
23481,21518,21518,2013/2014,15,01/12/2013 00:00,8315,8634,1,0,Spain,21518,Spain LIGA BBVA,Athletic Club de Bilbao,BIL,FC Barcelona,BAR,,,False,0,0,0,0,0,0,0,0,0,0,3,4,0,0,1,1,Home Win,Away,Athletic Club de Bilbao,0,1,,,0,0,0,0,0,0,0,0,0,0,4,3,0,0,Loss,0,0,-1,0.0,0
23491,21518,21518,2013/2014,16,14/12/2013 00:00,8634,10205,2,1,Spain,21518,Spain LIGA BBVA,FC Barcelona,BAR,Villarreal CF,VIL,,,False,0,0,0,0,0,0,0,0,0,0,1,1,0,0,1,3,Home Win,Home,Villarreal CF,2,1,,,0,0,0,0,0,0,0,0,0,0,1,1,0,0,Win,0,0,1,0.0,3
23500,21518,21518,2013/2014,17,22/12/2013 00:00,8305,8634,2,5,Spain,21518,Spain LIGA BBVA,Getafe CF,GET,FC Barcelona,BAR,,,False,0,0,0,0,0,0,0,0,0,0,4,3,0,0,-3,7,Away Win,Away,Getafe CF,5,2,,,0,0,0,0,0,0,0,0,0,0,3,4,0,0,Win,0,0,3,0.0,3
23510,21518,21518,2013/2014,18,05/01/2014 00:00,8634,10268,4,0,Spain,21518,Spain LIGA BBVA,FC Barcelona,BAR,Elche CF,ELC,,,False,0,0,0,0,0,0,0,0,0,0,2,2,0,0,4,4,Home Win,Home,Elche CF,4,0,,,0,0,0,0,0,0,0,0,0,0,2,2,0,0,Win,0,0,4,0.0,3
23519,21518,21518,2013/2014,19,11/01/2014 00:00,9906,8634,0,0,Spain,21518,Spain LIGA BBVA,Atlético Madrid,AMA,FC Barcelona,BAR,,,False,0,0,0,0,0,0,0,0,0,0,2,3,0,0,0,0,Draw,Away,Atlético Madrid,0,0,,,0,0,0,0,0,0,0,0,0,0,3,2,0,0,Draw,0,0,0,0.0,1
23536,21518,21518,2013/2014,2,25/08/2013 00:00,9864,8634,0,1,Spain,21518,Spain LIGA BBVA,Málaga CF,MAL,FC Barcelona,BAR,,,False,0,0,0,0,0,0,0,0,0,0,3,2,0,0,-1,1,Away Win,Away,Málaga CF,1,0,,,0,0,0,0,0,0,0,0,0,0,2,3,0,0,Win,0,0,1,0.0,3
23546,21518,21518,2013/2014,20,19/01/2014 00:00,8581,8634,1,1,Spain,21518,Spain LIGA BBVA,Levante UD,LEV,FC Barcelona,BAR,,,False,0,0,0,0,0,0,0,0,0,0,2,1,0,0,0,2,Draw,Away,Levante UD,1,1,,,0,0,0,0,0,0,0,0,0,0,1,2,0,0,Draw,0,0,0,0.0,1
23557,21518,21518,2013/2014,21,26/01/2014 00:00,8634,9864,3,0,Spain,21518,Spain LIGA BBVA,FC Barcelona,BAR,Málaga CF,MAL,,,False,0,0,0,0,0,0,0,0,0,0,1,3,0,0,3,3,Home Win,Home,Málaga CF,3,0,,,0,0,0,0,0,0,0,0,0,0,1,3,0,0,Win,0,0,3,0.0,3
23567,21518,21518,2013/2014,22,01/02/2014 00:00,8634,10267,2,3,Spain,21518,Spain LIGA BBVA,FC Barcelona,BAR,Valencia CF,VAL,,,False,0,0,0,0,0,0,0,0,0,0,2,3,0,0,-1,5,Away Win,Home,Valencia CF,2,3,,,0,0,0,0,0,0,0,0,0,0,2,3,0,0,Loss,0,0,-1,0.0,0
23577,21518,21518,2013/2014,23,09/02/2014 00:00,8302,8634,1,4,Spain,21518,Spain LIGA BBVA,Sevilla FC,SEV,FC Barcelona,BAR,,,False,0,0,0,0,0,0,0,0,0,0,3,3,0,0,-3,5,Away Win,Away,Sevilla FC,4,1,,,0,0,0,0,0,0,0,0,0,0,3,3,0,0,Win,0,0,3,0.0,3
23586,21518,21518,2013/2014,24,15/02/2014 00:00,8634,8370,6,0,Spain,21518,Spain LIGA BBVA,FC Barcelona,BAR,Rayo Vallecano,RAY,,,False,0,0,0,0,0,0,0,0,0,0,0,0,0,0,6,6,Home Win,Home,Rayo Vallecano,6,0,,,0,0,0,0,0,0,0,0,0,0,0,0,0,0,Win,0,0,6,0.0,3
23596,21518,21518,2013/2014,25,22/02/2014 00:00,8560,8634,3,1,Spain,21518,Spain LIGA BBVA,Real Sociedad,SOC,FC Barcelona,BAR,,,False,0,0,0,0,0,0,0,0,0,0,2,3,0,0,2,4,Home Win,Away,Real Sociedad,1,3,,,0,0,0,0,0,0,0,0,0,0,3,2,0,0,Loss,0,0,-2,0.0,0
23605,21518,21518,2013/2014,26,02/03/2014 00:00,8634,9865,4,1,Spain,21518,Spain LIGA BBVA,FC Barcelona,BAR,UD Almería,ALM,,,False,0,0,0,0,0,0,0,0,0,0,1,4,0,0,3,5,Home Win,Home,UD Almería,4,1,,,0,0,0,0,0,0,0,0,0,0,1,4,0,0,Win,0,0,3,0.0,3
23615,21518,21518,2013/2014,27,08/03/2014 00:00,10281,8634,1,0,Spain,21518,Spain LIGA BBVA,Real Valladolid,VAL,FC Barcelona,BAR,,,False,0,0,0,0,0,0,0,0,0,0,5,1,0,0,1,1,Home Win,Away,Real Valladolid,0,1,,,0,0,0,0,0,0,0,0,0,0,1,5,0,0,Loss,0,0,-1,0.0,0
23624,21518,21518,2013/2014,28,16/03/2014 00:00,8634,8371,7,0,Spain,21518,Spain LIGA BBVA,FC Barcelona,BAR,CA Osasuna,OSA,,,False,0,0,0,0,0,0,0,0,0,0,1,2,0,0,7,7,Home Win,Home,CA Osasuna,7,0,,,0,0,0,0,0,0,0,0,0,0,1,2,0,0,Win,0,0,7,0.0,3
23634,21518,21518,2013/2014,29,23/03/2014 00:00,8633,8634,3,4,Spain,21518,Spain LIGA BBVA,Real Madrid CF,REA,FC Barcelona,BAR,35.0,65.0,True,6,9,5,6,1,5,14,16,23,13,5,2,1,0,-1,7,Away Win,Away,Real Madrid CF,4,3,65.0,35.0,9,6,6,5,5,1,16,14,13,23,2,5,0,1,Win,15,11,1,60.0,3
23647,21518,21518,2013/2014,3,01/09/2013 00:00,10267,8634,2,3,Spain,21518,Spain LIGA BBVA,Valencia CF,VAL,FC Barcelona,BAR,,,False,0,0,0,0,0,0,0,0,0,0,2,3,0,0,-1,5,Away Win,Away,Valencia CF,3,2,,,0,0,0,0,0,0,0,0,0,0,3,2,0,0,Win,0,0,1,0.0,3
23653,21518,21518,2013/2014,30,26/03/2014 00:00,8634,9910,3,0,Spain,21518,Spain LIGA BBVA,FC Barcelona,BAR,RC Celta de Vigo,CEL,,,False,0,0,0,0,0,0,0,0,0,0,2,2,0,0,3,3,Home Win,Home,RC Celta de Vigo,3,0,,,0,0,0,0,0,0,0,0,0,0,2,2,0,0,Win,0,0,3,0.0,3
23663,21518,21518,2013/2014,31,29/03/2014 00:00,8558,8634,0,1,Spain,21518,Spain LIGA BBVA,RCD Espanyol,ESP,FC Barcelona,BAR,,,False,0,0,0,0,0,0,0,0,0,0,4,2,1,0,-1,1,Away Win,Away,RCD Espanyol,1,0,,,0,0,0,0,0,0,0,0,0,0,2,4,0,1,Win,0,0,1,0.0,3
23672,21518,21518,2013/2014,32,05/04/2014 00:00,8634,8603,3,1,Spain,21518,Spain LIGA BBVA,FC Barcelona,BAR,Real Betis Balompié,BET,,,False,0,0,0,0,0,0,0,0,0,0,0,2,0,0,2,4,Home Win,Home,Real Betis Balompié,3,1,,,0,0,0,0,0,0,0,0,0,0,0,2,0,0,Win,0,0,2,0.0,3
23682,21518,21518,2013/2014,33,12/04/2014 00:00,7878,8634,1,0,Spain,21518,Spain LIGA BBVA,Granada CF,GRA,FC Barcelona,BAR,,,False,0,0,0,0,0,0,0,0,0,0,0,3,0,0,1,1,Home Win,Away,Granada CF,0,1,,,0,0,0,0,0,0,0,0,0,0,3,0,0,0,Loss,0,0,-1,0.0,0
23691,21518,21518,2013/2014,34,20/04/2014 00:00,8634,8315,2,1,Spain,21518,Spain LIGA BBVA,FC Barcelona,BAR,Athletic Club de Bilbao,BIL,,,False,0,0,0,0,0,0,0,0,0,0,2,3,0,0,1,3,Home Win,Home,Athletic Club de Bilbao,2,1,,,0,0,0,0,0,0,0,0,0,0,2,3,0,0,Win,0,0,1,0.0,3
23701,21518,21518,2013/2014,35,27/04/2014 00:00,10205,8634,2,3,Spain,21518,Spain LIGA BBVA,Villarreal CF,VIL,FC Barcelona,BAR,,,False,0,0,0,0,0,0,0,0,0,0,3,3,0,0,-1,5,Away Win,Away,Villarreal CF,3,2,,,0,0,0,0,0,0,0,0,0,0,3,3,0,0,Win,0,0,1,0.0,3
23710,21518,21518,2013/2014,36,03/05/2014 00:00,8634,8305,2,2,Spain,21518,Spain LIGA BBVA,FC Barcelona,BAR,Getafe CF,GET,,,False,0,0,0,0,0,0,0,0,0,0,3,2,0,0,0,4,Draw,Home,Getafe CF,2,2,,,0,0,0,0,0,0,0,0,0,0,3,2,0,0,Draw,0,0,0,0.0,1
23720,21518,21518,2013/2014,37,11/05/2014 00:00,10268,8634,0,0,Spain,21518,Spain LIGA BBVA,Elche CF,ELC,FC Barcelona,BAR,,,False,0,0,0,0,0,0,0,0,0,0,3,3,0,0,0,0,Draw,Away,Elche CF,0,0,,,0,0,0,0,0,0,0,0,0,0,3,3,0,0,Draw,0,0,0,0.0,1
23729,21518,21518,2013/2014,38,17/05/2014 00:00,8634,9906,1,1,Spain,21518,Spain LIGA BBVA,FC Barcelona,BAR,Atlético Madrid,AMA,,,False,0,0,0,0,0,0,0,0,0,0,5,4,0,0,0,2,Draw,Home,Atlético Madrid,1,1,,,0,0,0,0,0,0,0,0,0,0,5,4,0,0,Draw,0,0,0,0.0,1
23747,21518,21518,2013/2014,4,14/09/2013 00:00,8634,8302,3,2,Spain,21518,Spain LIGA BBVA,FC Barcelona,BAR,Sevilla FC,SEV,,,False,0,0,0,0,0,0,0,0,0,0,1,5,0,0,1,5,Home Win,Home,Sevilla FC,3,2,,,0,0,0,0,0,0,0,0,0,0,1,5,0,0,Win,0,0,1,0.0,3
23756,21518,21518,2013/2014,5,21/09/2013 00:00,8370,8634,0,4,Spain,21518,Spain LIGA BBVA,Rayo Vallecano,RAY,FC Barcelona,BAR,,,False,0,0,0,0,0,0,0,0,0,0,2,1,0,0,-4,4,Away Win,Away,Rayo Vallecano,4,0,,,0,0,0,0,0,0,0,0,0,0,1,2,0,0,Win,0,0,4,0.0,3
23766,21518,21518,2013/2014,6,24/09/2013 00:00,8634,8560,4,1,Spain,21518,Spain LIGA BBVA,FC Barcelona,BAR,Real Sociedad,SOC,,,False,0,0,0,0,0,0,0,0,0,0,0,1,0,0,3,5,Home Win,Home,Real Sociedad,4,1,,,0,0,0,0,0,0,0,0,0,0,0,1,0,0,Win,0,0,3,0.0,3
23775,21518,21518,2013/2014,7,28/09/2013 00:00,9865,8634,0,2,Spain,21518,Spain LIGA BBVA,UD Almería,ALM,FC Barcelona,BAR,,,False,0,0,0,0,0,0,0,0,0,0,1,2,0,0,-2,2,Away Win,Away,UD Almería,2,0,,,0,0,0,0,0,0,0,0,0,0,2,1,0,0,Win,0,0,2,0.0,3
23785,21518,21518,2013/2014,8,05/10/2013 00:00,8634,10281,4,1,Spain,21518,Spain LIGA BBVA,FC Barcelona,BAR,Real Valladolid,VAL,,,False,0,0,0,0,0,0,0,0,0,0,0,3,0,0,3,5,Home Win,Home,Real Valladolid,4,1,,,0,0,0,0,0,0,0,0,0,0,0,3,0,0,Win,0,0,3,0.0,3
23794,21518,21518,2013/2014,9,19/10/2013 00:00,8371,8634,0,0,Spain,21518,Spain LIGA BBVA,CA Osasuna,OSA,FC Barcelona,BAR,,,False,0,0,0,0,0,0,0,0,0,0,3,2,0,0,0,0,Draw,Away,CA Osasuna,0,0,,,0,0,0,0,0,0,0,0,0,0,2,3,0,0,Draw,0,0,0,0.0,1
23805,21518,21518,2014/2015,1,24/08/2014 00:00,8634,10268,3,0,Spain,21518,Spain LIGA BBVA,FC Barcelona,BAR,Elche CF,ELC,69.0,31.0,True,4,0,5,3,3,1,11,6,11,13,0,1,1,0,3,3,Home Win,Home,Elche CF,3,0,69.0,31.0,4,0,5,3,3,1,11,6,11,13,0,1,1,0,Win,9,3,3,44.44444444444444,3
23815,21518,21518,2014/2015,10,01/11/2014 00:00,8634,9910,0,1,Spain,21518,Spain LIGA BBVA,FC Barcelona,BAR,RC Celta de Vigo,CEL,67.0,33.0,True,9,5,10,4,9,5,19,9,9,27,1,2,0,0,-1,1,Away Win,Home,RC Celta de Vigo,0,1,67.0,33.0,9,5,10,4,9,5,19,9,9,27,1,2,0,0,Loss,19,9,-1,47.368421052631575,0
23824,21518,21518,2014/2015,11,08/11/2014 00:00,9865,8634,1,2,Spain,21518,Spain LIGA BBVA,UD Almería,ALM,FC Barcelona,BAR,30.0,70.0,True,3,4,4,10,4,5,15,22,16,9,2,0,0,0,-1,3,Away Win,Away,UD Almería,2,1,70.0,30.0,4,3,10,4,5,4,22,15,9,16,0,2,0,0,Win,14,7,1,28.57142857142857,3
23834,21518,21518,2014/2015,12,22/11/2014 00:00,8634,8302,5,1,Spain,21518,Spain LIGA BBVA,FC Barcelona,BAR,Sevilla FC,SEV,71.0,29.0,True,8,2,3,1,5,3,15,9,8,20,1,2,0,0,4,6,Home Win,Home,Sevilla FC,5,1,71.0,29.0,8,2,3,1,5,3,15,9,8,20,1,2,0,0,Win,11,3,4,72.72727272727273,3
23843,21518,21518,2014/2015,13,30/11/2014 00:00,10267,8634,0,1,Spain,21518,Spain LIGA BBVA,Valencia CF,VAL,FC Barcelona,BAR,30.0,70.0,True,6,7,6,5,5,8,18,19,10,9,4,4,0,0,-1,1,Away Win,Away,Valencia CF,1,0,70.0,30.0,7,6,5,6,8,5,19,18,9,10,4,4,0,0,Win,12,12,1,58.333333333333336,3
23853,21518,21518,2014/2015,14,07/12/2014 00:00,8634,8558,5,1,Spain,21518,Spain LIGA BBVA,FC Barcelona,BAR,RCD Espanyol,ESP,77.0,23.0,True,5,2,5,1,5,2,13,4,6,11,0,4,0,0,4,6,Home Win,Home,RCD Espanyol,5,1,77.0,23.0,5,2,5,1,5,2,13,4,6,11,0,4,0,0,Win,10,3,4,50.0,3
23862,21518,21518,2014/2015,15,13/12/2014 00:00,8305,8634,0,0,Spain,21518,Spain LIGA BBVA,Getafe CF,GET,FC Barcelona,BAR,24.0,76.0,True,4,11,2,13,4,5,8,21,24,8,2,0,0,0,0,0,Draw,Away,Getafe CF,0,0,76.0,24.0,11,4,13,2,5,4,21,8,8,24,0,2,0,0,Draw,24,6,0,45.83333333333333,1
23872,21518,21518,2014/2015,16,20/12/2014 00:00,8634,7869,5,0,Spain,21518,Spain LIGA BBVA,FC Barcelona,BAR,Córdoba CF,COR,76.0,24.0,True,8,3,4,4,8,0,25,7,13,6,1,0,0,0,5,5,Home Win,Home,Córdoba CF,5,0,76.0,24.0,8,3,4,4,8,0,25,7,13,6,1,0,0,0,Win,12,7,5,66.66666666666666,3
23881,21518,21518,2014/2015,17,04/01/2015 00:00,8560,8634,1,0,Spain,21518,Spain LIGA BBVA,Real Sociedad,SOC,FC Barcelona,BAR,32.0,68.0,True,3,8,3,7,5,8,11,18,21,15,5,4,0,0,1,1,Home Win,Away,Real Sociedad,0,1,68.0,32.0,8,3,7,3,8,5,18,11,15,21,4,5,0,0,Loss,15,6,-1,53.333333333333336,0
23891,21518,21518,2014/2015,18,11/01/2015 00:00,8634,9906,3,1,Spain,21518,Spain LIGA BBVA,FC Barcelona,BAR,Atlético Madrid,AMA,65.0,35.0,True,9,2,5,2,1,3,18,20,13,19,3,6,0,0,2,4,Home Win,Home,Atlético Madrid,3,1,65.0,35.0,9,2,5,2,1,3,18,20,13,19,3,6,0,0,Win,14,4,2,64.28571428571429,3
23900,21518,21518,2014/2015,19,18/01/2015 00:00,9783,8634,0,4,Spain,21518,Spain LIGA BBVA,RC Deportivo de La Coruña,COR,FC Barcelona,BAR,36.0,64.0,True,3,5,4,6,2,4,12,5,14,7,2,2,0,0,-4,4,Away Win,Away,RC Deportivo de La Coruña,4,0,64.0,36.0,5,3,6,4,4,2,5,12,7,14,2,2,0,0,Win,11,7,4,45.45454545454545,3
23916,21518,21518,2014/2015,2,31/08/2014 00:00,10205,8634,0,1,Spain,21518,Spain LIGA BBVA,Villarreal CF,VIL,FC Barcelona,BAR,24.0,76.0,True,1,11,8,13,3,10,12,36,12,9,0,2,0,0,-1,1,Away Win,Away,Villarreal CF,1,0,76.0,24.0,11,1,13,8,10,3,36,12,9,12,2,0,0,0,Win,24,9,1,45.83333333333333,3
23925,21518,21518,2014/2015,20,24/01/2015 00:00,10268,8634,0,6,Spain,21518,Spain LIGA BBVA,Elche CF,ELC,FC Barcelona,BAR,22.0,78.0,True,3,2,3,4,2,3,9,4,17,12,6,2,0,0,-6,6,Away Win,Away,Elche CF,6,0,78.0,22.0,2,3,4,3,3,2,4,9,12,17,2,6,0,0,Win,6,6,6,33.33333333333333,3
23936,21518,21518,2014/2015,21,01/02/2015 00:00,8634,10205,3,2,Spain,21518,Spain LIGA BBVA,FC Barcelona,BAR,Villarreal CF,VIL,67.0,33.0,True,6,4,8,4,8,2,14,11,9,21,1,2,0,0,1,5,Home Win,Home,Villarreal CF,3,2,67.0,33.0,6,4,8,4,8,2,14,11,9,21,1,2,0,0,Win,14,8,1,42.857142857142854,3
23946,21518,21518,2014/2015,22,08/02/2015 00:00,8315,8634,2,5,Spain,21518,Spain LIGA BBVA,Athletic Club de Bilbao,BIL,FC Barcelona,BAR,27.0,73.0,True,8,10,4,6,4,4,13,8,15,10,3,1,1,0,-3,7,Away Win,Away,Athletic Club de Bilbao,5,2,73.0,27.0,10,8,6,4,4,4,8,13,10,15,1,3,0,1,Win,16,12,3,62.5,3
23957,21518,21518,2014/2015,23,15/02/2015 00:00,8634,8581,5,0,Spain,21518,Spain LIGA BBVA,FC Barcelona,BAR,Levante UD,LEV,71.0,29.0,True,9,2,6,3,3,4,23,7,6,13,1,2,0,0,5,5,Home Win,Home,Levante UD,5,0,71.0,29.0,9,2,6,3,3,4,23,7,6,13,1,2,0,0,Win,15,5,5,60.0,3
23967,21518,21518,2014/2015,24,21/02/2015 00:00,8634,9864,0,1,Spain,21518,Spain LIGA BBVA,FC Barcelona,BAR,Málaga CF,MAL,71.0,29.0,True,6,3,7,5,11,3,34,5,8,11,4,3,0,0,-1,1,Away Win,Home,Málaga CF,0,1,71.0,29.0,6,3,7,5,11,3,34,5,8,11,4,3,0,0,Loss,13,8,-1,46.15384615384615,0
23977,21518,21518,2014/2015,25,28/02/2015 00:00,7878,8634,1,3,Spain,21518,Spain LIGA BBVA,Granada CF,GRA,FC Barcelona,BAR,30.0,70.0,True,4,7,4,6,4,5,13,11,18,9,2,3,0,0,-2,4,Away Win,Away,Granada CF,3,1,70.0,30.0,7,4,6,4,5,4,11,13,9,18,3,2,0,0,Win,13,8,2,53.84615384615385,3
23986,21518,21518,2014/2015,26,08/03/2015 00:00,8634,8370,6,1,Spain,21518,Spain LIGA BBVA,FC Barcelona,BAR,Rayo Vallecano,RAY,57.0,43.0,True,9,4,4,5,4,1,11,15,13,11,3,3,1,0,5,7,Home Win,Home,Rayo Vallecano,6,1,57.0,43.0,9,4,4,5,4,1,11,15,13,11,3,3,1,0,Win,13,9,5,69.23076923076923,3
23996,21518,21518,2014/2015,27,14/03/2015 00:00,8372,8634,0,2,Spain,21518,Spain LIGA BBVA,SD Eibar,EIB,FC Barcelona,BAR,27.0,73.0,True,4,6,6,3,6,3,12,11,13,3,1,0,0,0,-2,2,Away Win,Away,SD Eibar,2,0,73.0,27.0,6,4,3,6,3,6,11,12,3,13,0,1,0,0,Win,9,10,2,66.66666666666666,3
24005,21518,21518,2014/2015,28,22/03/2015 00:00,8634,8633,2,1,Spain,21518,Spain LIGA BBVA,FC Barcelona,BAR,Real Madrid CF,REA,52.0,48.0,True,6,5,9,7,7,11,10,16,9,14,5,6,0,0,1,3,Home Win,Home,Real Madrid CF,2,1,52.0,48.0,6,5,9,7,7,11,10,16,9,14,5,6,0,0,Win,15,12,1,40.0,3
24015,21518,21518,2014/2015,29,05/04/2015 00:00,9910,8634,0,1,Spain,21518,Spain LIGA BBVA,RC Celta de Vigo,CEL,FC Barcelona,BAR,38.0,62.0,True,2,2,6,7,4,3,9,9,26,12,2,2,1,0,-1,1,Away Win,Away,RC Celta de Vigo,1,0,62.0,38.0,2,2,7,6,3,4,9,9,12,26,2,2,0,1,Win,9,8,1,22.22222222222222,3
24026,21518,21518,2014/2015,3,13/09/2014 00:00,8634,8315,2,0,Spain,21518,Spain LIGA BBVA,FC Barcelona,BAR,Athletic Club de Bilbao,BIL,61.0,39.0,True,9,4,7,1,5,1,15,4,12,11,1,1,0,0,2,2,Home Win,Home,Athletic Club de Bilbao,2,0,61.0,39.0,9,4,7,1,5,1,15,4,12,11,1,1,0,0,Win,16,5,2,56.25,3
24034,21518,21518,2014/2015,30,08/04/2015 00:00,8634,9865,4,0,Spain,21518,Spain LIGA BBVA,FC Barcelona,BAR,UD Almería,ALM,67.0,33.0,True,9,3,6,3,14,5,28,13,9,14,1,3,0,0,4,4,Home Win,Home,UD Almería,4,0,67.0,33.0,9,3,6,3,14,5,28,13,9,14,1,3,0,0,Win,15,6,4,60.0,3
24044,21518,21518,2014/2015,31,11/04/2015 00:00,8302,8634,2,2,Spain,21518,Spain LIGA BBVA,Sevilla FC,SEV,FC Barcelona,BAR,35.0,65.0,True,4,9,5,6,2,4,19,4,24,10,5,2,0,0,0,4,Draw,Away,Sevilla FC,2,2,65.0,35.0,9,4,6,5,4,2,4,19,10,24,2,5,0,0,Draw,15,9,0,60.0,1
24053,21518,21518,2014/2015,32,18/04/2015 00:00,8634,10267,2,0,Spain,21518,Spain LIGA BBVA,FC Barcelona,BAR,Valencia CF,VAL,63.0,37.0,True,3,4,8,5,6,3,15,18,18,17,4,4,0,0,2,2,Home Win,Home,Valencia CF,2,0,63.0,37.0,3,4,8,5,6,3,15,18,18,17,4,4,0,0,Win,11,9,2,27.27272727272727,3
24063,21518,21518,2014/2015,33,25/04/2015 00:00,8558,8634,0,2,Spain,21518,Spain LIGA BBVA,RCD Espanyol,ESP,FC Barcelona,BAR,34.0,66.0,True,3,7,4,5,5,3,14,7,21,12,6,2,0,0,-2,2,Away Win,Away,RCD Espanyol,2,0,66.0,34.0,7,3,5,4,3,5,7,14,12,21,2,6,0,0,Win,12,7,2,58.333333333333336,3
24072,21518,21518,2014/2015,34,28/04/2015 00:00,8634,8305,6,0,Spain,21518,Spain LIGA BBVA,FC Barcelona,BAR,Getafe CF,GET,71.0,29.0,True,8,3,6,4,5,6,6,5,11,7,0,0,0,0,6,6,Home Win,Home,Getafe CF,6,0,71.0,29.0,8,3,6,4,5,6,6,5,11,7,0,0,0,0,Win,14,7,6,57.14285714285714,3
24082,21518,21518,2014/2015,35,02/05/2015 00:00,7869,8634,0,8,Spain,21518,Spain LIGA BBVA,Córdoba CF,COR,FC Barcelona,BAR,34.0,66.0,True,1,9,4,11,5,8,14,17,11,3,2,0,0,0,-8,8,Away Win,Away,Córdoba CF,8,0,66.0,34.0,9,1,11,4,8,5,17,14,3,11,0,2,0,0,Win,20,5,8,45.0,3
24091,21518,21518,2014/2015,36,09/05/2015 00:00,8634,8560,2,0,Spain,21518,Spain LIGA BBVA,FC Barcelona,BAR,Real Sociedad,SOC,61.0,39.0,True,10,3,6,2,10,3,18,11,9,13,1,5,0,0,2,2,Home Win,Home,Real Sociedad,2,0,61.0,39.0,10,3,6,2,10,3,18,11,9,13,1,5,0,0,Win,16,5,2,62.5,3
24101,21518,21518,2014/2015,37,17/05/2015 00:00,9906,8634,0,1,Spain,21518,Spain LIGA BBVA,Atlético Madrid,AMA,FC Barcelona,BAR,31.0,69.0,True,5,6,6,8,6,5,12,12,24,8,5,3,0,0,-1,1,Away Win,Away,Atlético Madrid,1,0,69.0,31.0,6,5,8,6,5,6,12,12,8,24,3,5,0,0,Win,14,11,1,42.857142857142854,3
24110,21518,21518,2014/2015,38,23/05/2015 00:00,8634,9783,2,2,Spain,21518,Spain LIGA BBVA,FC Barcelona,BAR,RC Deportivo de La Coruña,COR,77.0,23.0,True,6,1,7,6,4,4,19,7,6,9,1,3,0,0,0,4,Draw,Home,RC Deportivo de La Coruña,2,2,77.0,23.0,6,1,7,6,4,4,19,7,6,9,1,3,0,0,Draw,13,7,0,46.15384615384615,1
24127,21518,21518,2014/2015,4,21/09/2014 00:00,8581,8634,0,5,Spain,21518,Spain LIGA BBVA,Levante UD,LEV,FC Barcelona,BAR,25.0,75.0,True,3,4,4,7,3,6,6,18,14,10,1,2,1,0,-5,5,Away Win,Away,Levante UD,5,0,75.0,25.0,4,3,7,4,6,3,18,6,10,14,2,1,0,1,Win,11,7,5,36.36363636363637,3
24137,21518,21518,2014/2015,5,24/09/2014 00:00,9864,8634,0,0,Spain,21518,Spain LIGA BBVA,Málaga CF,MAL,FC Barcelona,BAR,33.0,67.0,True,3,1,2,8,2,8,13,22,15,12,2,2,0,0,0,0,Draw,Away,Málaga CF,0,0,67.0,33.0,1,3,8,2,8,2,22,13,12,15,2,2,0,0,Draw,9,5,0,11.11111111111111,1
24147,21518,21518,2014/2015,6,27/09/2014 00:00,8634,7878,6,0,Spain,21518,Spain LIGA BBVA,FC Barcelona,BAR,Granada CF,GRA,71.0,29.0,True,11,2,4,6,8,1,13,7,11,12,1,3,0,0,6,6,Home Win,Home,Granada CF,6,0,71.0,29.0,11,2,4,6,8,1,13,7,11,12,1,3,0,0,Win,15,8,6,73.33333333333333,3
24156,21518,21518,2014/2015,7,04/10/2014 00:00,8370,8634,0,2,Spain,21518,Spain LIGA BBVA,Rayo Vallecano,RAY,FC Barcelona,BAR,38.0,62.0,True,6,8,6,9,6,7,14,12,18,7,4,2,0,0,-2,2,Away Win,Away,Rayo Vallecano,2,0,62.0,38.0,8,6,9,6,7,6,12,14,7,18,2,4,0,0,Win,17,12,2,47.05882352941176,3
24166,21518,21518,2014/2015,8,18/10/2014 00:00,8634,8372,3,0,Spain,21518,Spain LIGA BBVA,FC Barcelona,BAR,SD Eibar,EIB,78.0,22.0,True,13,2,5,3,12,3,21,3,7,9,2,2,0,0,3,3,Home Win,Home,SD Eibar,3,0,78.0,22.0,13,2,5,3,12,3,21,3,7,9,2,2,0,0,Win,18,5,3,72.22222222222221,3
24175,21518,21518,2014/2015,9,25/10/2014 00:00,8633,8634,3,1,Spain,21518,Spain LIGA BBVA,Real Madrid CF,REA,FC Barcelona,BAR,41.0,59.0,True,9,7,6,6,3,9,15,18,10,10,2,4,0,0,2,4,Home Win,Away,Real Madrid CF,1,3,59.0,41.0,7,9,6,6,9,3,18,15,10,10,4,2,0,0,Loss,13,15,-2,53.84615384615385,0
24181,21518,21518,2015/2016,1,23/08/2015 00:00,8315,8634,0,1,Spain,21518,Spain LIGA BBVA,Athletic Club de Bilbao,BIL,FC Barcelona,BAR,32.0,68.0,True,4,5,4,4,2,4,15,14,16,11,3,3,0,0,-1,1,Away Win,Away,Athletic Club de Bilbao,1,0,68.0,32.0,5,4,4,4,4,2,14,15,11,16,3,3,0,0,Win,9,8,1,55.55555555555556,3
24189,21518,21518,2015/2016,10,31/10/2015 00:00,8305,8634,0,2,Spain,21518,Spain LIGA BBVA,Getafe CF,GET,FC Barcelona,BAR,37.0,63.0,True,3,9,3,8,3,5,10,22,10,3,3,0,0,0,-2,2,Away Win,Away,Getafe CF,2,0,63.0,37.0,9,3,8,3,5,3,22,10,3,10,0,3,0,0,Win,17,6,2,52.94117647058824,3
24199,21518,21518,2015/2016,11,08/11/2015 00:00,8634,10205,3,0,Spain,21518,Spain LIGA BBVA,FC Barcelona,BAR,Villarreal CF,VIL,60.0,40.0,True,6,3,10,2,7,2,18,4,12,19,5,3,0,0,3,3,Home Win,Home,Villarreal CF,3,0,60.0,40.0,6,3,10,2,7,2,18,4,12,19,5,3,0,0,Win,16,5,3,37.5,3
24210,21518,21518,2015/2016,12,21/11/2015 00:00,8633,8634,0,4,Spain,21518,Spain LIGA BBVA,Real Madrid CF,REA,FC Barcelona,BAR,42.0,58.0,True,7,6,5,9,10,3,16,6,13,10,3,2,1,0,-4,4,Away Win,Away,Real Madrid CF,4,0,58.0,42.0,6,7,9,5,3,10,6,16,10,13,2,3,0,1,Win,15,12,4,40.0,3
24220,21518,21518,2015/2016,13,28/11/2015 00:00,8634,8560,4,0,Spain,21518,Spain LIGA BBVA,FC Barcelona,BAR,Real Sociedad,SOC,56.0,44.0,True,3,5,4,5,6,4,13,18,11,14,0,5,0,0,4,4,Home Win,Home,Real Sociedad,4,0,56.0,44.0,3,5,4,5,6,4,13,18,11,14,0,5,0,0,Win,7,10,4,42.857142857142854,3
24231,21518,21518,2015/2016,14,05/12/2015 00:00,10267,8634,1,1,Spain,21518,Spain LIGA BBVA,Valencia CF,VAL,FC Barcelona,BAR,36.0,64.0,True,6,9,3,6,0,6,7,12,13,15,3,1,0,0,0,2,Draw,Away,Valencia CF,1,1,64.0,36.0,9,6,6,3,6,0,12,7,15,13,1,3,0,0,Draw,15,9,0,60.0,1
24241,21518,21518,2015/2016,15,12/12/2015 00:00,8634,9783,2,2,Spain,21518,Spain LIGA BBVA,FC Barcelona,BAR,RC Deportivo de La Coruña,COR,68.0,32.0,True,7,2,10,8,6,2,23,8,4,11,0,2,0,0,0,4,Draw,Home,RC Deportivo de La Coruña,2,2,68.0,32.0,7,2,10,8,6,2,23,8,4,11,0,2,0,0,Draw,17,10,0,41.17647058823529,1
24252,21518,21518,2015/2016,16,17/02/2016 00:00,9869,8634,1,3,Spain,21518,Spain LIGA BBVA,Real Sporting de Gijón,SPG,FC Barcelona,BAR,30.0,70.0,True,2,6,3,8,1,4,4,11,12,8,2,1,0,0,-2,4,Away Win,Away,Real Sporting de Gijón,3,1,70.0,30.0,6,2,8,3,4,1,11,4,8,12,1,2,0,0,Win,14,5,2,42.857142857142854,3
24262,21518,21518,2015/2016,17,30/12/2015 00:00,8634,8603,4,0,Spain,21518,Spain LIGA BBVA,FC Barcelona,BAR,Real Betis Balompié,BET,63.0,37.0,True,6,6,5,6,2,3,9,7,14,18,1,3,0,0,4,4,Home Win,Home,Real Betis Balompié,4,0,63.0,37.0,6,6,5,6,2,3,9,7,14,18,1,3,0,0,Win,11,12,4,54.54545454545454,3
24273,21518,21518,2015/2016,18,02/01/2016 00:00,8558,8634,0,0,Spain,21518,Spain LIGA BBVA,RCD Espanyol,ESP,FC Barcelona,BAR,26.0,74.0,True,3,4,3,6,6,10,10,13,21,10,5,3,0,0,0,0,Draw,Away,RCD Espanyol,0,0,74.0,26.0,4,3,6,3,10,6,13,10,10,21,3,5,0,0,Draw,10,6,0,40.0,1
24283,21518,21518,2015/2016,19,09/01/2016 00:00,8634,7878,4,0,Spain,21518,Spain LIGA BBVA,FC Barcelona,BAR,Granada CF,GRA,60.0,40.0,True,5,5,8,3,7,0,10,9,15,19,1,4,0,0,4,4,Home Win,Home,Granada CF,4,0,60.0,40.0,5,5,8,3,7,0,10,9,15,19,1,4,0,0,Win,13,8,4,38.46153846153847,3
24291,21518,21518,2015/2016,2,29/08/2015 00:00,8634,9864,1,0,Spain,21518,Spain LIGA BBVA,FC Barcelona,BAR,Málaga CF,MAL,66.0,34.0,True,17,1,7,3,15,2,17,8,4,23,0,3,0,0,1,1,Home Win,Home,Málaga CF,1,0,66.0,34.0,17,1,7,3,15,2,17,8,4,23,0,3,0,0,Win,24,4,1,70.83333333333334,3
24301,21518,21518,2015/2016,20,17/01/2016 00:00,8634,8315,6,0,Spain,21518,Spain LIGA BBVA,FC Barcelona,BAR,Athletic Club de Bilbao,BIL,70.0,30.0,True,4,5,10,3,6,2,27,5,6,7,2,2,0,1,6,6,Home Win,Home,Athletic Club de Bilbao,6,0,70.0,30.0,4,5,10,3,6,2,27,5,6,7,2,2,0,1,Win,14,8,6,28.57142857142857,3
24311,21518,21518,2015/2016,21,23/01/2016 00:00,9864,8634,1,2,Spain,21518,Spain LIGA BBVA,Málaga CF,MAL,FC Barcelona,BAR,35.0,65.0,True,9,5,4,4,4,3,15,12,14,9,3,3,0,0,-1,3,Away Win,Away,Málaga CF,2,1,65.0,35.0,5,9,4,4,3,4,12,15,9,14,3,3,0,0,Win,9,13,1,55.55555555555556,3
24320,21518,21518,2015/2016,22,30/01/2016 00:00,8634,9906,2,1,Spain,21518,Spain LIGA BBVA,FC Barcelona,BAR,Atlético Madrid,AMA,65.0,35.0,True,4,4,4,3,8,6,12,13,7,18,0,4,0,1,1,3,Home Win,Home,Atlético Madrid,2,1,65.0,35.0,4,4,4,3,8,6,12,13,7,18,0,4,0,1,Win,8,7,1,50.0,3
24330,21518,21518,2015/2016,23,07/02/2016 00:00,8581,8634,0,2,Spain,21518,Spain LIGA BBVA,Levante UD,LEV,FC Barcelona,BAR,38.0,62.0,True,4,5,7,8,2,5,19,17,15,10,4,3,0,0,-2,2,Away Win,Away,Levante UD,2,0,62.0,38.0,5,4,8,7,5,2,17,19,10,15,3,4,0,0,Win,13,11,2,38.46153846153847,3
24339,21518,21518,2015/2016,24,14/02/2016 00:00,8634,9910,6,1,Spain,21518,Spain LIGA BBVA,FC Barcelona,BAR,RC Celta de Vigo,CEL,69.0,31.0,True,7,4,7,6,1,1,16,6,10,16,0,4,0,0,5,7,Home Win,Home,RC Celta de Vigo,6,1,69.0,31.0,7,4,7,6,1,1,16,6,10,16,0,4,0,0,Win,14,10,5,50.0,3
24349,21518,21518,2015/2016,25,20/02/2016 00:00,8306,8634,1,2,Spain,21518,Spain LIGA BBVA,UD Las Palmas,LAS,FC Barcelona,BAR,46.0,54.0,True,7,8,9,3,3,6,15,10,12,13,1,2,0,0,-1,3,Away Win,Away,UD Las Palmas,2,1,54.0,46.0,8,7,3,9,6,3,10,15,13,12,2,1,0,0,Win,11,16,1,72.72727272727273,3
24358,21518,21518,2015/2016,26,28/02/2016 00:00,8634,8302,2,1,Spain,21518,Spain LIGA BBVA,FC Barcelona,BAR,Sevilla FC,SEV,68.0,32.0,True,9,4,7,8,6,7,12,14,13,12,3,2,0,0,1,3,Home Win,Home,Sevilla FC,2,1,68.0,32.0,9,4,7,8,6,7,12,14,13,12,3,2,0,0,Win,16,12,1,56.25,3
24368,21518,21518,2015/2016,27,03/03/2016 00:00,8370,8634,1,5,Spain,21518,Spain LIGA BBVA,Rayo Vallecano,RAY,FC Barcelona,BAR,36.0,64.0,True,3,5,3,9,3,5,12,10,17,8,0,2,2,0,-4,6,Away Win,Away,Rayo Vallecano,5,1,64.0,36.0,5,3,9,3,5,3,10,12,8,17,2,0,0,2,Win,14,6,4,35.714285714285715,3
24378,21518,21518,2015/2016,28,06/03/2016 00:00,8372,8634,0,4,Spain,21518,Spain LIGA BBVA,SD Eibar,EIB,FC Barcelona,BAR,30.0,70.0,True,2,4,5,3,6,2,24,13,18,10,3,2,0,0,-4,4,Away Win,Away,SD Eibar,4,0,70.0,30.0,4,2,3,5,2,6,13,24,10,18,2,3,0,0,Win,7,7,4,57.14285714285714,3
24389,21518,21518,2015/2016,29,12/03/2016 00:00,8634,8305,6,0,Spain,21518,Spain LIGA BBVA,FC Barcelona,BAR,Getafe CF,GET,65.0,35.0,True,4,1,5,6,5,3,9,3,7,13,0,3,0,0,6,6,Home Win,Home,Getafe CF,6,0,65.0,35.0,4,1,5,6,5,3,9,3,7,13,0,3,0,0,Win,9,7,6,44.44444444444444,3
24400,21518,21518,2015/2016,3,12/09/2015 00:00,9906,8634,1,2,Spain,21518,Spain LIGA BBVA,Atlético Madrid,AMA,FC Barcelona,BAR,30.0,70.0,True,4,5,5,5,1,10,5,10,17,5,3,1,0,0,-1,3,Away Win,Away,Atlético Madrid,2,1,70.0,30.0,5,4,5,5,10,1,10,5,5,17,1,3,0,0,Win,10,9,1,50.0,3
24409,21518,21518,2015/2016,30,20/03/2016 00:00,10205,8634,2,2,Spain,21518,Spain LIGA BBVA,Villarreal CF,VIL,FC Barcelona,BAR,37.0,63.0,True,9,6,6,5,4,4,6,15,17,9,8,4,0,0,0,4,Draw,Away,Villarreal CF,2,2,63.0,37.0,6,9,5,6,4,4,15,6,9,17,4,8,0,0,Draw,11,15,0,54.54545454545454,1
24420,21518,21518,2015/2016,31,02/04/2016 00:00,8634,8633,1,2,Spain,21518,Spain LIGA BBVA,FC Barcelona,BAR,Real Madrid CF,REA,61.0,39.0,True,6,6,9,4,4,3,6,10,18,18,3,3,0,0,-1,3,Away Win,Home,Real Madrid CF,1,2,61.0,39.0,6,6,9,4,4,3,6,10,18,18,3,3,0,0,Loss,15,10,-1,40.0,0
24430,21518,21518,2015/2016,32,09/04/2016 00:00,8560,8634,1,0,Spain,21518,Spain LIGA BBVA,Real Sociedad,SOC,FC Barcelona,BAR,26.0,74.0,True,0,10,1,3,5,9,5,14,14,12,1,3,0,0,1,1,Home Win,Away,Real Sociedad,0,1,74.0,26.0,10,0,3,1,9,5,14,5,12,14,3,1,0,0,Loss,13,1,-1,76.92307692307693,0
24441,21518,21518,2015/2016,33,17/04/2016 00:00,8634,10267,1,2,Spain,21518,Spain LIGA BBVA,FC Barcelona,BAR,Valencia CF,VAL,65.0,35.0,True,14,2,7,4,7,2,16,6,12,15,3,3,0,0,-1,3,Away Win,Home,Valencia CF,1,2,65.0,35.0,14,2,7,4,7,2,16,6,12,15,3,3,0,0,Loss,21,6,-1,66.66666666666666,0
24451,21518,21518,2015/2016,34,20/04/2016 00:00,9783,8634,0,8,Spain,21518,Spain LIGA BBVA,RC Deportivo de La Coruña,COR,FC Barcelona,BAR,34.0,66.0,True,9,4,10,7,6,2,18,17,11,8,1,0,0,0,-8,8,Away Win,Away,RC Deportivo de La Coruña,8,0,66.0,34.0,4,9,7,10,2,6,17,18,8,11,0,1,0,0,Win,11,19,8,36.36363636363637,3
24462,21518,21518,2015/2016,35,23/04/2016 00:00,8634,9869,6,0,Spain,21518,Spain LIGA BBVA,FC Barcelona,BAR,Real Sporting de Gijón,SPG,73.0,27.0,True,7,4,12,2,6,1,16,12,11,11,0,3,0,0,6,6,Home Win,Home,Real Sporting de Gijón,6,0,73.0,27.0,7,4,12,2,6,1,16,12,11,11,0,3,0,0,Win,19,6,6,36.84210526315789,3
24472,21518,21518,2015/2016,36,30/04/2016 00:00,8603,8634,0,2,Spain,21518,Spain LIGA BBVA,Real Betis Balompié,BET,FC Barcelona,BAR,33.0,67.0,True,1,4,1,5,2,4,2,14,9,11,4,3,0,0,-2,2,Away Win,Away,Real Betis Balompié,2,0,67.0,33.0,4,1,5,1,4,2,14,2,11,9,3,4,0,0,Win,9,2,2,44.44444444444444,3
24483,21518,21518,2015/2016,37,08/05/2016 00:00,8634,8558,5,0,Spain,21518,Spain LIGA BBVA,FC Barcelona,BAR,RCD Espanyol,ESP,72.0,28.0,True,4,3,8,2,8,0,23,9,13,26,2,7,0,0,5,5,Home Win,Home,RCD Espanyol,5,0,72.0,28.0,4,3,8,2,8,0,23,9,13,26,2,7,0,0,Win,12,5,5,33.33333333333333,3
24493,21518,21518,2015/2016,38,14/05/2016 00:00,7878,8634,0,3,Spain,21518,Spain LIGA BBVA,Granada CF,GRA,FC Barcelona,BAR,33.0,67.0,True,2,6,7,3,5,6,19,14,12,10,5,2,0,0,-3,3,Away Win,Away,Granada CF,3,0,67.0,33.0,6,2,3,7,6,5,14,19,10,12,2,5,0,0,Win,9,9,3,66.66666666666666,3
24500,21518,21518,2015/2016,4,20/09/2015 00:00,8634,8581,4,1,Spain,21518,Spain LIGA BBVA,FC Barcelona,BAR,Levante UD,LEV,64.0,36.0,True,8,5,9,5,4,4,11,8,7,15,0,1,0,0,3,5,Home Win,Home,Levante UD,4,1,64.0,36.0,8,5,9,5,4,4,11,8,7,15,0,1,0,0,Win,17,10,3,47.05882352941176,3
24509,21518,21518,2015/2016,5,23/09/2015 00:00,9910,8634,4,1,Spain,21518,Spain LIGA BBVA,RC Celta de Vigo,CEL,FC Barcelona,BAR,46.0,54.0,True,5,9,8,8,5,10,9,4,18,4,2,2,0,0,3,5,Home Win,Away,RC Celta de Vigo,1,4,54.0,46.0,9,5,8,8,10,5,4,9,4,18,2,2,0,0,Loss,17,13,-3,52.94117647058824,0
24519,21518,21518,2015/2016,6,26/09/2015 00:00,8634,8306,2,1,Spain,21518,Spain LIGA BBVA,FC Barcelona,BAR,UD Las Palmas,LAS,63.0,37.0,True,7,6,10,4,3,4,10,4,12,23,2,4,0,0,1,3,Home Win,Home,UD Las Palmas,2,1,63.0,37.0,7,6,10,4,3,4,10,4,12,23,2,4,0,0,Win,17,10,1,41.17647058823529,3
24528,21518,21518,2015/2016,7,03/10/2015 00:00,8302,8634,2,1,Spain,21518,Spain LIGA BBVA,Sevilla FC,SEV,FC Barcelona,BAR,42.0,58.0,True,6,18,6,8,7,9,15,21,15,16,5,3,0,0,1,3,Home Win,Away,Sevilla FC,1,2,58.0,42.0,18,6,8,6,9,7,21,15,16,15,3,5,0,0,Loss,26,12,-1,69.23076923076923,0
24538,21518,21518,2015/2016,8,17/10/2015 00:00,8634,8370,5,2,Spain,21518,Spain LIGA BBVA,FC Barcelona,BAR,Rayo Vallecano,RAY,47.0,53.0,True,5,8,3,6,7,10,5,21,7,13,1,2,0,0,3,7,Home Win,Home,Rayo Vallecano,5,2,47.0,53.0,5,8,3,6,7,10,5,21,7,13,1,2,0,0,Win,8,14,3,62.5,3
24548,21518,21518,2015/2016,9,25/10/2015 00:00,8634,8372,3,1,Spain,21518,Spain LIGA BBVA,FC Barcelona,BAR,SD Eibar,EIB,69.0,31.0,True,3,3,8,3,6,2,13,10,14,18,3,5,1,0,2,4,Home Win,Home,SD Eibar,3,1,69.0,31.0,3,3,8,3,6,2,13,10,14,18,3,5,1,0,Win,11,6,2,27.27272727272727,3
